,id,name,type,required,formula,is_hidden,visibility_rules,referred_list,lookup_type,lookup_source,lookup_fields,lookup_hidden_fields,lookup_filter,under,Start,Initiate,Goto-Active,Draft,Submit For Review,Approved,Test,Rejected,Goto-Submit For Review,Submit Without Review,Update,Goto-Draft,Draft Approved,Active,Active Step,Submit for review,Reject,Goto-Submit for review,Temp,Adjust,Contract Cancel,Extend,Goto-Extend,Goto-Active Step,Approve,Extend Reject,Renew,Goto-Renew,Renew Approve,Renew Reject,Cancelled Contract,Done,Completed
Number_1,Number_1,Number,SequenceNumber,False,-,True,-,-,-,-,-,-,-,Contract Management ,ReadOnly,ReadOnly,ReadOnly,ReadOnly,ReadOnly,ReadOnly,ReadOnly,Editable,ReadOnly,ReadOnly,ReadOnly,ReadOnly,ReadOnly,ReadOnly,ReadOnly,ReadOnly,ReadOnly,ReadOnly,ReadOnly,ReadOnly,ReadOnly,ReadOnly,ReadOnly,ReadOnly,Editable,Editable,ReadOnly,ReadOnly,ReadOnly,ReadOnly,ReadOnly,ReadOnly,ReadOnly
Contract_Number,Contract_Number,Contract Number,Text,True,-,False,-,-,-,-,-,-,-,Contract Management ,ReadOnly,ReadOnly,ReadOnly,Editable,ReadOnly,ReadOnly,ReadOnly,Editable,ReadOnly,ReadOnly,ReadOnly,ReadOnly,ReadOnly,Editable,ReadOnly,ReadOnly,ReadOnly,ReadOnly,ReadOnly,ReadOnly,ReadOnly,ReadOnly,ReadOnly,ReadOnly,Editable,Editable,ReadOnly,ReadOnly,ReadOnly,ReadOnly,ReadOnly,ReadOnly,ReadOnly
Vendor,Vendor,Vendor,Reference,True,-,False,-,-,Dataset,CMS_Vendor,"Company_Name, Name",Name,-,Contract Management ,Editable,ReadOnly,ReadOnly,Editable,ReadOnly,ReadOnly,ReadOnly,Editable,ReadOnly,ReadOnly,ReadOnly,ReadOnly,ReadOnly,Editable,ReadOnly,ReadOnly,ReadOnly,ReadOnly,ReadOnly,ReadOnly,ReadOnly,ReadOnly,ReadOnly,ReadOnly,Editable,Editable,ReadOnly,ReadOnly,ReadOnly,ReadOnly,ReadOnly,ReadOnly,ReadOnly
Contract_Model,Contract_Model,Contract Model,Reference,False,-,False,-,-,Dataset,CMS_Contract_Model,"Name, Contract_Model_Name",Name,-,Contract Management ,ReadOnly,ReadOnly,ReadOnly,Editable,ReadOnly,ReadOnly,ReadOnly,Editable,ReadOnly,ReadOnly,ReadOnly,ReadOnly,ReadOnly,ReadOnly,ReadOnly,ReadOnly,ReadOnly,ReadOnly,ReadOnly,ReadOnly,ReadOnly,ReadOnly,ReadOnly,ReadOnly,Editable,Editable,ReadOnly,ReadOnly,ReadOnly,ReadOnly,ReadOnly,ReadOnly,ReadOnly
State,State,State,Text,False,-,False,-,-,-,-,-,-,-,Contract Management ,ReadOnly,ReadOnly,ReadOnly,ReadOnly,ReadOnly,ReadOnly,ReadOnly,ReadOnly,ReadOnly,ReadOnly,ReadOnly,ReadOnly,ReadOnly,ReadOnly,ReadOnly,ReadOnly,ReadOnly,ReadOnly,ReadOnly,ReadOnly,ReadOnly,ReadOnly,ReadOnly,ReadOnly,ReadOnly,ReadOnly,ReadOnly,ReadOnly,ReadOnly,ReadOnly,ReadOnly,ReadOnly,ReadOnly
Substate,Substate,Substate,Text,False,-,False,-,-,-,-,-,-,-,Contract Management ,ReadOnly,ReadOnly,ReadOnly,ReadOnly,ReadOnly,ReadOnly,ReadOnly,ReadOnly,ReadOnly,ReadOnly,ReadOnly,ReadOnly,ReadOnly,ReadOnly,ReadOnly,ReadOnly,ReadOnly,ReadOnly,ReadOnly,ReadOnly,ReadOnly,ReadOnly,ReadOnly,ReadOnly,ReadOnly,ReadOnly,ReadOnly,ReadOnly,ReadOnly,ReadOnly,ReadOnly,ReadOnly,ReadOnly
Department,Department,Department,Reference,True,-,False,-,-,Dataset,CMS_Department,"Name, Department_Name",Name,-,Contract Management ,Editable,ReadOnly,ReadOnly,Editable,ReadOnly,ReadOnly,ReadOnly,Editable,ReadOnly,ReadOnly,ReadOnly,ReadOnly,ReadOnly,Editable,ReadOnly,ReadOnly,ReadOnly,ReadOnly,ReadOnly,ReadOnly,ReadOnly,ReadOnly,ReadOnly,ReadOnly,Editable,Editable,ReadOnly,ReadOnly,ReadOnly,ReadOnly,ReadOnly,ReadOnly,ReadOnly
Contracting_Party,Contracting_Party,Contracting Party,Select,True,-,False,-,Contracting_Party,-,-,-,-,-,Contract Management ,ReadOnly,ReadOnly,ReadOnly,Editable,ReadOnly,ReadOnly,ReadOnly,Editable,ReadOnly,ReadOnly,ReadOnly,ReadOnly,ReadOnly,Editable,ReadOnly,ReadOnly,ReadOnly,ReadOnly,ReadOnly,ReadOnly,ReadOnly,ReadOnly,ReadOnly,ReadOnly,Editable,Editable,ReadOnly,ReadOnly,ReadOnly,ReadOnly,ReadOnly,ReadOnly,ReadOnly
Parent_Contract,Parent_Contract,Parent Contract,Reference,False,-,False,-,-,Process,Contract_Management,"Contract_Number, Name, Number_1",Name,"Filter 1 - (Match All) :
- Department_Text EQUAL_TO Login_User_Dept-Field
",Contract Management ,ReadOnly,ReadOnly,ReadOnly,Editable,ReadOnly,ReadOnly,ReadOnly,Editable,ReadOnly,ReadOnly,ReadOnly,ReadOnly,ReadOnly,Editable,ReadOnly,ReadOnly,ReadOnly,ReadOnly,ReadOnly,ReadOnly,ReadOnly,ReadOnly,ReadOnly,ReadOnly,Editable,Editable,ReadOnly,ReadOnly,ReadOnly,ReadOnly,ReadOnly,ReadOnly,ReadOnly
PIC_Contact,PIC_Contact,PIC Contact,Reference,True,-,False,-,-,Dataset,CMS_Creator_Group_Dataset,"Name, Team_User",Name,"Filter 1 - (Match All) :
- Team_Name EQUAL_TO Login_User_Team-Field
",Contract Management ,ReadOnly,ReadOnly,ReadOnly,Editable,ReadOnly,ReadOnly,ReadOnly,Editable,ReadOnly,ReadOnly,ReadOnly,ReadOnly,ReadOnly,Editable,ReadOnly,ReadOnly,ReadOnly,ReadOnly,ReadOnly,ReadOnly,ReadOnly,ReadOnly,ReadOnly,ReadOnly,Editable,Editable,ReadOnly,ReadOnly,ReadOnly,ReadOnly,ReadOnly,ReadOnly,ReadOnly
Short_Description,Short_Description,Short Description,Textarea,True,-,False,-,-,-,-,-,-,-,Contract Management ,ReadOnly,ReadOnly,ReadOnly,Editable,ReadOnly,ReadOnly,ReadOnly,Editable,ReadOnly,ReadOnly,ReadOnly,ReadOnly,ReadOnly,Editable,ReadOnly,ReadOnly,ReadOnly,ReadOnly,ReadOnly,ReadOnly,ReadOnly,ReadOnly,ReadOnly,ReadOnly,Editable,Editable,ReadOnly,ReadOnly,ReadOnly,ReadOnly,ReadOnly,ReadOnly,ReadOnly
Description,Description,Description,Textarea,False,-,False,-,-,-,-,-,-,-,Contract Management ,ReadOnly,ReadOnly,ReadOnly,Editable,ReadOnly,ReadOnly,ReadOnly,Editable,ReadOnly,ReadOnly,ReadOnly,ReadOnly,ReadOnly,Editable,ReadOnly,ReadOnly,ReadOnly,ReadOnly,ReadOnly,ReadOnly,ReadOnly,ReadOnly,ReadOnly,ReadOnly,Editable,Editable,ReadOnly,ReadOnly,ReadOnly,ReadOnly,ReadOnly,ReadOnly,ReadOnly
Singing_Date,Singing_Date,Singing Date,Date,True,-,False,-,-,-,-,-,-,-,Contract Management ,ReadOnly,ReadOnly,ReadOnly,ReadOnly,Hidden,ReadOnly,ReadOnly,Editable,ReadOnly,ReadOnly,ReadOnly,ReadOnly,ReadOnly,Editable,ReadOnly,Hidden,ReadOnly,ReadOnly,ReadOnly,Editable,ReadOnly,ReadOnly,ReadOnly,ReadOnly,ReadOnly,ReadOnly,ReadOnly,ReadOnly,ReadOnly,ReadOnly,ReadOnly,ReadOnly,ReadOnly
Starts_Effective_Date,Starts_Effective_Date,Starts (Effective Date) ,Date,True,-,False,-,-,-,-,-,-,-,Contract Management ,ReadOnly,ReadOnly,ReadOnly,ReadOnly,Hidden,ReadOnly,ReadOnly,Editable,ReadOnly,ReadOnly,ReadOnly,ReadOnly,ReadOnly,ReadOnly,ReadOnly,Hidden,ReadOnly,ReadOnly,ReadOnly,Editable,ReadOnly,ReadOnly,ReadOnly,ReadOnly,ReadOnly,ReadOnly,ReadOnly,ReadOnly,ReadOnly,ReadOnly,ReadOnly,ReadOnly,ReadOnly
Ends_Expiration_Date,Ends_Expiration_Date,Ends (Expiration Date),Date,True,-,False,"Field visibility rules - Match All: 
- Calculated_Extend_End_Date NOT_EMPTY -Value
- Calculated_Renew_End_Date_General NOT_EMPTY -Value
- Current_Step EQUAL_TO Rejected-Value
Match All: 
- Current_Step EQUAL_TO Active-Value
",-,-,-,-,-,-,Contract Management ,ReadOnly,ReadOnly,ReadOnly,ReadOnly,Hidden,ReadOnly,ReadOnly,Editable,ReadOnly,ReadOnly,ReadOnly,ReadOnly,ReadOnly,ReadOnly,ReadOnly,Hidden,ReadOnly,ReadOnly,ReadOnly,Editable,ReadOnly,ReadOnly,ReadOnly,ReadOnly,ReadOnly,ReadOnly,ReadOnly,ReadOnly,ReadOnly,ReadOnly,ReadOnly,ReadOnly,ReadOnly
Number_of_pages_In_contract,Number_of_pages_In_contract,Number of pages (In contract),Text,False,-,False,-,-,-,-,-,-,-,Contract Management ,ReadOnly,ReadOnly,ReadOnly,Editable,Hidden,ReadOnly,ReadOnly,Editable,ReadOnly,ReadOnly,ReadOnly,ReadOnly,ReadOnly,Editable,ReadOnly,Hidden,ReadOnly,ReadOnly,ReadOnly,Editable,ReadOnly,ReadOnly,ReadOnly,ReadOnly,ReadOnly,ReadOnly,ReadOnly,ReadOnly,ReadOnly,ReadOnly,ReadOnly,ReadOnly,ReadOnly
Nature_of_Contract,Nature_of_Contract,Nature of Contract,Select,False,-,False,-,Nature_Of_Contract,-,-,-,-,-,Contract Management ,ReadOnly,ReadOnly,ReadOnly,Editable,Hidden,ReadOnly,ReadOnly,Editable,ReadOnly,ReadOnly,ReadOnly,ReadOnly,ReadOnly,Editable,ReadOnly,Hidden,ReadOnly,ReadOnly,ReadOnly,Editable,ReadOnly,ReadOnly,ReadOnly,ReadOnly,ReadOnly,ReadOnly,ReadOnly,ReadOnly,ReadOnly,ReadOnly,ReadOnly,ReadOnly,ReadOnly
Application_Model,Application_Model,Application Model,Select,False,-,False,-,Contract_Application_Model,-,-,-,-,-,Contract Management ,ReadOnly,ReadOnly,ReadOnly,Editable,Hidden,ReadOnly,ReadOnly,Editable,ReadOnly,ReadOnly,ReadOnly,ReadOnly,ReadOnly,Editable,ReadOnly,Hidden,ReadOnly,ReadOnly,ReadOnly,Editable,ReadOnly,ReadOnly,ReadOnly,ReadOnly,ReadOnly,ReadOnly,ReadOnly,ReadOnly,ReadOnly,ReadOnly,ReadOnly,ReadOnly,ReadOnly
Approver,Approver,Approver,Reference,True,-,False,"Field visibility rules - Match All: 
- Select_Option_Draft EQUAL_TO Submit Without Review-Value
- Cancel_Contract_btn EQUAL_TO true-Value
",-,Dataset,CMS_Approver_Group,"Name, Contract_Approver_Name, Team_Name","Name, Team_Name","Filter 1 - (Match All) :
- Team_Name CONTAINS Login_User_Team-Field
- Active EQUAL_TO Active-Value
",Contract Management ,ReadOnly,ReadOnly,ReadOnly,Editable,Hidden,ReadOnly,ReadOnly,Editable,ReadOnly,ReadOnly,ReadOnly,ReadOnly,ReadOnly,Editable,ReadOnly,Hidden,ReadOnly,ReadOnly,ReadOnly,ReadOnly,ReadOnly,Editable,ReadOnly,ReadOnly,ReadOnly,ReadOnly,Editable,ReadOnly,ReadOnly,ReadOnly,ReadOnly,ReadOnly,ReadOnly
Contract_Administrator,Contract_Administrator,Contract Administrator,Text,False,-,False,-,-,-,-,-,-,-,Contract Management ,ReadOnly,ReadOnly,ReadOnly,Editable,Hidden,ReadOnly,ReadOnly,Editable,ReadOnly,ReadOnly,ReadOnly,ReadOnly,ReadOnly,Editable,ReadOnly,Hidden,ReadOnly,ReadOnly,ReadOnly,Editable,ReadOnly,ReadOnly,ReadOnly,ReadOnly,ReadOnly,ReadOnly,ReadOnly,ReadOnly,ReadOnly,ReadOnly,ReadOnly,ReadOnly,ReadOnly
RenewalExtension_Contract,RenewalExtension_Contract,Renewal/Extension Contract,Text,False,-,False,-,-,-,-,-,-,-,Contract Management ,Hidden,ReadOnly,ReadOnly,Hidden,Hidden,ReadOnly,ReadOnly,Hidden,ReadOnly,ReadOnly,ReadOnly,ReadOnly,Hidden,ReadOnly,ReadOnly,Hidden,ReadOnly,ReadOnly,ReadOnly,ReadOnly,ReadOnly,ReadOnly,ReadOnly,ReadOnly,ReadOnly,ReadOnly,ReadOnly,ReadOnly,ReadOnly,ReadOnly,ReadOnly,ReadOnly,ReadOnly
Options,Options,Options,Text,False,"if(Extend_btn=true(),Extension_Option,if(Renew_btn=true(),Renew_Options,""None""))",False,-,-,-,-,-,-,-,Contract Management ,Hidden,ReadOnly,ReadOnly,Hidden,Hidden,ReadOnly,ReadOnly,Hidden,ReadOnly,ReadOnly,ReadOnly,ReadOnly,Hidden,ReadOnly,ReadOnly,Hidden,ReadOnly,ReadOnly,ReadOnly,ReadOnly,ReadOnly,ReadOnly,ReadOnly,ReadOnly,ReadOnly,ReadOnly,ReadOnly,ReadOnly,ReadOnly,ReadOnly,ReadOnly,ReadOnly,ReadOnly
RenewalExtension_date,RenewalExtension_date,Renewal/Extension date (not use),Date,False,-,True,-,-,-,-,-,-,-,Contract Management ,Hidden,ReadOnly,ReadOnly,Hidden,Hidden,ReadOnly,ReadOnly,Hidden,ReadOnly,ReadOnly,ReadOnly,ReadOnly,Hidden,ReadOnly,ReadOnly,Hidden,ReadOnly,ReadOnly,ReadOnly,ReadOnly,ReadOnly,ReadOnly,ReadOnly,ReadOnly,ReadOnly,ReadOnly,ReadOnly,ReadOnly,ReadOnly,ReadOnly,ReadOnly,ReadOnly,ReadOnly
RenewalExtension_end_date,RenewalExtension_end_date,Renewal/Extension end date,Date,False,"if(Extend_btn=true(),if(Do_you_want_to_choose_extension_end_date=""Extension Option"",Extension_End_Date,Choose_Extension_End_Date),Calculated_Renew_End_Date_General)",True,-,-,-,-,-,-,-,Contract Management ,Hidden,ReadOnly,ReadOnly,Hidden,Hidden,ReadOnly,ReadOnly,Hidden,ReadOnly,ReadOnly,ReadOnly,ReadOnly,Hidden,ReadOnly,ReadOnly,Hidden,ReadOnly,ReadOnly,ReadOnly,ReadOnly,ReadOnly,ReadOnly,ReadOnly,ReadOnly,ReadOnly,ReadOnly,ReadOnly,ReadOnly,ReadOnly,ReadOnly,ReadOnly,ReadOnly,ReadOnly
Cost_adjustment_type,Cost_adjustment_type,Cost adjustment type,Select,False,-,False,-,Cost_adjustment_type,-,-,-,-,-,Contract Management ,Hidden,ReadOnly,ReadOnly,Hidden,Hidden,ReadOnly,ReadOnly,Hidden,ReadOnly,ReadOnly,ReadOnly,ReadOnly,Hidden,ReadOnly,ReadOnly,Hidden,ReadOnly,ReadOnly,ReadOnly,ReadOnly,ReadOnly,ReadOnly,ReadOnly,ReadOnly,ReadOnly,ReadOnly,ReadOnly,ReadOnly,ReadOnly,ReadOnly,ReadOnly,ReadOnly,ReadOnly
Cost_adjustment_amount,Cost_adjustment_amount,Cost adjustment amount,Number,False,"if(Could_you_please_select_cost_adjustment_amount_or_percentage=""Amount"",Extend_Cost_Adjustment,if(Could_you_please_select_cost_adjustment_amount_or_percentage_ren=""Amount"",Renew_Cost_adjustment_amount,0))",False,-,-,-,-,-,-,-,Contract Management ,Hidden,ReadOnly,ReadOnly,Hidden,Hidden,ReadOnly,ReadOnly,Hidden,ReadOnly,ReadOnly,ReadOnly,ReadOnly,Hidden,ReadOnly,ReadOnly,Hidden,ReadOnly,ReadOnly,ReadOnly,ReadOnly,ReadOnly,ReadOnly,ReadOnly,ReadOnly,ReadOnly,ReadOnly,ReadOnly,ReadOnly,ReadOnly,ReadOnly,ReadOnly,ReadOnly,ReadOnly
Cost_adjustment_percentage,Cost_adjustment_percentage,Cost adjustment percentage,Number,False,"if( Could_you_please_select_cost_adjustment_amount_or_percentage=""Percentage"",Extend_Cost_Adjustment_percent,if(Could_you_please_select_cost_adjustment_amount_or_percentage_ren=""Percentage"",Renew_Cost_adjustment_percentage,0))",False,-,-,-,-,-,-,-,Contract Management ,Hidden,ReadOnly,ReadOnly,Hidden,Hidden,ReadOnly,ReadOnly,Hidden,ReadOnly,ReadOnly,ReadOnly,ReadOnly,Hidden,ReadOnly,ReadOnly,Hidden,ReadOnly,ReadOnly,ReadOnly,ReadOnly,ReadOnly,ReadOnly,ReadOnly,ReadOnly,ReadOnly,ReadOnly,ReadOnly,ReadOnly,ReadOnly,ReadOnly,ReadOnly,ReadOnly,ReadOnly
Tax_exempt,Tax_exempt,Tax exempt,Boolean,False,-,False,-,-,-,-,-,-,-,Contract Management ,ReadOnly,ReadOnly,ReadOnly,Editable,Hidden,ReadOnly,ReadOnly,Editable,ReadOnly,ReadOnly,ReadOnly,ReadOnly,ReadOnly,ReadOnly,ReadOnly,Hidden,ReadOnly,ReadOnly,ReadOnly,ReadOnly,ReadOnly,ReadOnly,ReadOnly,ReadOnly,ReadOnly,ReadOnly,ReadOnly,ReadOnly,ReadOnly,ReadOnly,ReadOnly,ReadOnly,ReadOnly
Commercial_Tax,Commercial_Tax,Commercial Tax,Number,False,-,False,-,-,-,-,-,-,-,Contract Management ,ReadOnly,ReadOnly,ReadOnly,Editable,Hidden,ReadOnly,ReadOnly,Editable,ReadOnly,ReadOnly,ReadOnly,ReadOnly,ReadOnly,ReadOnly,ReadOnly,Hidden,ReadOnly,ReadOnly,ReadOnly,ReadOnly,ReadOnly,ReadOnly,ReadOnly,ReadOnly,ReadOnly,ReadOnly,ReadOnly,ReadOnly,ReadOnly,ReadOnly,ReadOnly,ReadOnly,ReadOnly
Withholding_Tax,Withholding_Tax,Withholding Tax,Number,False,-,False,-,-,-,-,-,-,-,Contract Management ,ReadOnly,ReadOnly,ReadOnly,Editable,Hidden,ReadOnly,ReadOnly,Editable,ReadOnly,ReadOnly,ReadOnly,ReadOnly,ReadOnly,ReadOnly,ReadOnly,Hidden,ReadOnly,ReadOnly,ReadOnly,ReadOnly,ReadOnly,ReadOnly,ReadOnly,ReadOnly,ReadOnly,ReadOnly,ReadOnly,ReadOnly,ReadOnly,ReadOnly,ReadOnly,ReadOnly,ReadOnly
Payment_Terms,Payment_Terms,Payment Terms,Textarea,False,-,False,-,-,-,-,-,-,-,Contract Management ,ReadOnly,ReadOnly,ReadOnly,Editable,Hidden,ReadOnly,ReadOnly,Editable,ReadOnly,ReadOnly,ReadOnly,ReadOnly,ReadOnly,ReadOnly,ReadOnly,Hidden,ReadOnly,ReadOnly,ReadOnly,ReadOnly,ReadOnly,ReadOnly,ReadOnly,ReadOnly,ReadOnly,ReadOnly,ReadOnly,ReadOnly,ReadOnly,ReadOnly,ReadOnly,ReadOnly,ReadOnly
Payment_schedule,Payment_schedule,Payment schedule,Select,False,-,False,-,Payment_Schedule,-,-,-,-,-,Contract Management ,ReadOnly,ReadOnly,ReadOnly,Editable,Hidden,ReadOnly,ReadOnly,Editable,ReadOnly,ReadOnly,ReadOnly,ReadOnly,ReadOnly,ReadOnly,ReadOnly,Hidden,ReadOnly,ReadOnly,ReadOnly,ReadOnly,ReadOnly,ReadOnly,ReadOnly,ReadOnly,ReadOnly,ReadOnly,ReadOnly,ReadOnly,ReadOnly,ReadOnly,ReadOnly,ReadOnly,ReadOnly
Payment_amount,Payment_amount,Payment amount,Currency,False,-,False,-,-,-,-,-,-,-,Contract Management ,ReadOnly,ReadOnly,ReadOnly,Editable,Hidden,ReadOnly,ReadOnly,Editable,ReadOnly,ReadOnly,ReadOnly,ReadOnly,ReadOnly,ReadOnly,ReadOnly,Hidden,ReadOnly,ReadOnly,ReadOnly,Editable,ReadOnly,ReadOnly,ReadOnly,ReadOnly,ReadOnly,ReadOnly,ReadOnly,ReadOnly,ReadOnly,ReadOnly,ReadOnly,ReadOnly,ReadOnly
Commercial_Tax_amount,Commercial_Tax_amount,Commercial Tax amount,Number,False,(Commercial_Tax/100)*Payment_amount.value(),False,-,-,-,-,-,-,-,Contract Management ,ReadOnly,ReadOnly,ReadOnly,Editable,Hidden,ReadOnly,ReadOnly,Editable,ReadOnly,ReadOnly,ReadOnly,ReadOnly,ReadOnly,ReadOnly,ReadOnly,Hidden,ReadOnly,ReadOnly,ReadOnly,ReadOnly,ReadOnly,ReadOnly,ReadOnly,ReadOnly,ReadOnly,ReadOnly,ReadOnly,ReadOnly,ReadOnly,ReadOnly,ReadOnly,ReadOnly,ReadOnly
Withholding_Tax_amount,Withholding_Tax_amount,Withholding Tax amount,Number,False,(Withholding_Tax/100)*Payment_amount.value(),False,-,-,-,-,-,-,-,Contract Management ,ReadOnly,ReadOnly,ReadOnly,Editable,Hidden,ReadOnly,ReadOnly,Editable,ReadOnly,ReadOnly,ReadOnly,ReadOnly,ReadOnly,ReadOnly,ReadOnly,Hidden,ReadOnly,ReadOnly,ReadOnly,ReadOnly,ReadOnly,ReadOnly,ReadOnly,ReadOnly,ReadOnly,ReadOnly,ReadOnly,ReadOnly,ReadOnly,ReadOnly,ReadOnly,ReadOnly,ReadOnly
Total_Cost,Total_Cost,Total Cost,Number,False,"(Commercial_Tax_amount+Payment_amount.value())-Withholding_Tax_amount,"" "",Total_Cost_Unit",True,-,-,-,-,-,-,-,Contract Management ,ReadOnly,ReadOnly,ReadOnly,Editable,Hidden,ReadOnly,ReadOnly,Editable,ReadOnly,ReadOnly,ReadOnly,ReadOnly,ReadOnly,ReadOnly,ReadOnly,Hidden,ReadOnly,ReadOnly,ReadOnly,ReadOnly,ReadOnly,ReadOnly,ReadOnly,ReadOnly,ReadOnly,ReadOnly,ReadOnly,ReadOnly,ReadOnly,ReadOnly,ReadOnly,ReadOnly,ReadOnly
Select_Option_Draft,Select_Option_Draft,Select Option,Select,True,-,False,"Field visibility rules - Match All: 
- Cancel_Contract_btn EQUAL_TO true-Value
",CMS_Draft_Option,-,-,-,-,-,Contract Management ,Hidden,ReadOnly,ReadOnly,Editable,Hidden,ReadOnly,ReadOnly,Editable,ReadOnly,Hidden,ReadOnly,ReadOnly,ReadOnly,Editable,ReadOnly,Hidden,Editable,ReadOnly,ReadOnly,ReadOnly,ReadOnly,Editable,ReadOnly,ReadOnly,ReadOnly,Hidden,Editable,ReadOnly,ReadOnly,ReadOnly,ReadOnly,ReadOnly,ReadOnly
Approver_1,Approver_1,Approver,Text,False,Approver.Contract_Approver_Name,False,-,-,-,-,-,-,-,Contract Management ,Hidden,ReadOnly,ReadOnly,Hidden,Editable,ReadOnly,ReadOnly,Hidden,ReadOnly,ReadOnly,ReadOnly,ReadOnly,ReadOnly,Hidden,ReadOnly,Editable,Hidden,ReadOnly,ReadOnly,ReadOnly,Hidden,Hidden,ReadOnly,ReadOnly,ReadOnly,Hidden,Hidden,ReadOnly,ReadOnly,Hidden,Hidden,ReadOnly,ReadOnly
Approving,Approving,Approval State,Select,True,-,False,-,Contract_Approval_State,-,-,-,-,-,Contract Management ,Hidden,ReadOnly,ReadOnly,Hidden,Editable,ReadOnly,ReadOnly,Hidden,ReadOnly,ReadOnly,ReadOnly,ReadOnly,ReadOnly,Hidden,ReadOnly,Editable,Hidden,ReadOnly,ReadOnly,ReadOnly,Hidden,Hidden,ReadOnly,ReadOnly,ReadOnly,Hidden,Hidden,ReadOnly,ReadOnly,Hidden,Hidden,ReadOnly,ReadOnly
Approver_State,Approver_State,Approval State,Text,False,-,False,-,-,-,-,-,-,-,Contract Management ,Hidden,ReadOnly,ReadOnly,Hidden,ReadOnly,ReadOnly,ReadOnly,Hidden,ReadOnly,ReadOnly,ReadOnly,ReadOnly,ReadOnly,Hidden,ReadOnly,Editable,Hidden,ReadOnly,ReadOnly,ReadOnly,Hidden,Hidden,ReadOnly,ReadOnly,ReadOnly,Hidden,Hidden,ReadOnly,ReadOnly,Hidden,Hidden,ReadOnly,ReadOnly
Comments,Comments,Reason,Textarea,True,-,True,"Field visibility rules - Match All: 
- Approving EQUAL_TO Reject-Value
- Current_Step EQUAL_TO Rejected-Value
- Current_Step EQUAL_TO Reject-Value
",-,-,-,-,-,-,Contract Management ,ReadOnly,ReadOnly,ReadOnly,ReadOnly,Editable,ReadOnly,ReadOnly,ReadOnly,ReadOnly,ReadOnly,ReadOnly,ReadOnly,ReadOnly,ReadOnly,ReadOnly,Editable,ReadOnly,ReadOnly,ReadOnly,ReadOnly,ReadOnly,ReadOnly,ReadOnly,ReadOnly,ReadOnly,ReadOnly,ReadOnly,ReadOnly,ReadOnly,ReadOnly,ReadOnly,ReadOnly,ReadOnly
Select_Option_Approved,Select_Option_Approved,Select Option Test,Select,False,-,True,-,CMS_Approved_Option,-,-,-,-,-,Contract Management ,Hidden,ReadOnly,ReadOnly,Hidden,ReadOnly,ReadOnly,ReadOnly,Hidden,ReadOnly,Editable,ReadOnly,ReadOnly,ReadOnly,Editable,ReadOnly,ReadOnly,ReadOnly,ReadOnly,ReadOnly,Editable,ReadOnly,ReadOnly,ReadOnly,ReadOnly,Editable,Editable,ReadOnly,ReadOnly,ReadOnly,ReadOnly,ReadOnly,ReadOnly,ReadOnly
Today_Date,Today_Date,Today Date,Date,False,Today(),False,-,-,-,-,-,-,-,Contract Management ,ReadOnly,ReadOnly,ReadOnly,ReadOnly,ReadOnly,ReadOnly,ReadOnly,ReadOnly,ReadOnly,ReadOnly,ReadOnly,ReadOnly,ReadOnly,ReadOnly,ReadOnly,ReadOnly,ReadOnly,ReadOnly,ReadOnly,ReadOnly,ReadOnly,ReadOnly,ReadOnly,ReadOnly,ReadOnly,ReadOnly,ReadOnly,ReadOnly,ReadOnly,ReadOnly,ReadOnly,ReadOnly,ReadOnly
Date_Diff,Date_Diff,Date Diff,Number,False,"if(Starts_Effective_Date<=Today_Date,0,1)",False,-,-,-,-,-,-,-,Contract Management ,ReadOnly,ReadOnly,ReadOnly,ReadOnly,ReadOnly,ReadOnly,ReadOnly,ReadOnly,ReadOnly,ReadOnly,ReadOnly,ReadOnly,ReadOnly,ReadOnly,ReadOnly,ReadOnly,ReadOnly,ReadOnly,ReadOnly,ReadOnly,ReadOnly,ReadOnly,ReadOnly,ReadOnly,ReadOnly,ReadOnly,ReadOnly,ReadOnly,ReadOnly,ReadOnly,ReadOnly,ReadOnly,ReadOnly
State_Change_Date,State_Change_Date,State Change Date,Number,False,"Datediff(Starts_Effective_Date,Today_Date,""Day"")",False,-,-,-,-,-,-,-,Contract Management ,ReadOnly,ReadOnly,ReadOnly,ReadOnly,ReadOnly,ReadOnly,ReadOnly,ReadOnly,ReadOnly,ReadOnly,ReadOnly,ReadOnly,ReadOnly,ReadOnly,ReadOnly,ReadOnly,ReadOnly,ReadOnly,ReadOnly,ReadOnly,ReadOnly,ReadOnly,ReadOnly,ReadOnly,ReadOnly,ReadOnly,ReadOnly,ReadOnly,ReadOnly,ReadOnly,ReadOnly,ReadOnly,ReadOnly
Actual_Start_Date,Actual_Start_Date,Actual Start Date,Text,False,"if(Date_Diff>0,""TRUE"",""FALSE"")",False,-,-,-,-,-,-,-,Contract Management ,ReadOnly,ReadOnly,ReadOnly,ReadOnly,ReadOnly,ReadOnly,ReadOnly,ReadOnly,ReadOnly,ReadOnly,ReadOnly,ReadOnly,ReadOnly,ReadOnly,ReadOnly,ReadOnly,ReadOnly,ReadOnly,ReadOnly,ReadOnly,ReadOnly,ReadOnly,ReadOnly,ReadOnly,ReadOnly,ReadOnly,ReadOnly,ReadOnly,ReadOnly,ReadOnly,ReadOnly,ReadOnly,ReadOnly
Date_Different,Date_Different,Date Different,Date,False,-,False,-,-,-,-,-,-,-,Contract Management ,ReadOnly,ReadOnly,ReadOnly,ReadOnly,ReadOnly,ReadOnly,ReadOnly,ReadOnly,ReadOnly,ReadOnly,ReadOnly,ReadOnly,ReadOnly,ReadOnly,ReadOnly,ReadOnly,ReadOnly,ReadOnly,ReadOnly,ReadOnly,ReadOnly,ReadOnly,ReadOnly,ReadOnly,ReadOnly,ReadOnly,ReadOnly,ReadOnly,ReadOnly,ReadOnly,ReadOnly,ReadOnly,ReadOnly
Date_1,Date_1,Created Date,Date,False,"date(_created_at.year(),_created_at.month(),_created_at.day())",False,-,-,-,-,-,-,-,Contract Management ,ReadOnly,ReadOnly,ReadOnly,ReadOnly,ReadOnly,ReadOnly,ReadOnly,ReadOnly,ReadOnly,ReadOnly,ReadOnly,ReadOnly,ReadOnly,ReadOnly,ReadOnly,ReadOnly,ReadOnly,ReadOnly,ReadOnly,ReadOnly,ReadOnly,ReadOnly,ReadOnly,ReadOnly,ReadOnly,ReadOnly,ReadOnly,ReadOnly,ReadOnly,ReadOnly,ReadOnly,ReadOnly,ReadOnly
Extend_btn,Extend_btn,Extend,Boolean,False,-,False,"Field visibility rules - Match All: 
- Renew_btn EQUAL_TO true-Value
- Cancel_Contract_btn EQUAL_TO true-Value
",-,-,-,-,-,-,Contract Management ,Hidden,ReadOnly,ReadOnly,Editable,Hidden,ReadOnly,ReadOnly,Hidden,ReadOnly,ReadOnly,ReadOnly,ReadOnly,Hidden,Editable,ReadOnly,Hidden,Editable,ReadOnly,ReadOnly,ReadOnly,ReadOnly,Editable,ReadOnly,ReadOnly,Editable,Editable,Editable,ReadOnly,ReadOnly,ReadOnly,ReadOnly,ReadOnly,ReadOnly
Renew_btn,Renew_btn,Renew,Boolean,False,-,False,"Field visibility rules - Match All: 
- Extend_btn EQUAL_TO true-Value
- Cancel_Contract_btn EQUAL_TO true-Value
",-,-,-,-,-,-,Contract Management ,Hidden,ReadOnly,ReadOnly,Editable,Hidden,ReadOnly,ReadOnly,Hidden,ReadOnly,ReadOnly,ReadOnly,ReadOnly,Hidden,Editable,ReadOnly,Hidden,Editable,ReadOnly,ReadOnly,ReadOnly,ReadOnly,Editable,ReadOnly,ReadOnly,Editable,Editable,Editable,ReadOnly,ReadOnly,ReadOnly,ReadOnly,ReadOnly,ReadOnly
Cancel_Contract_btn,Cancel_Contract_btn,Cancel Contract,Boolean,False,-,False,"Field visibility rules - Match All: 
- Extend_btn EQUAL_TO true-Value
- Renew_btn EQUAL_TO true-Value
",-,-,-,-,-,-,Contract Management ,Hidden,ReadOnly,ReadOnly,Editable,Hidden,ReadOnly,ReadOnly,Hidden,ReadOnly,ReadOnly,ReadOnly,ReadOnly,Hidden,Editable,ReadOnly,Hidden,Editable,ReadOnly,ReadOnly,ReadOnly,ReadOnly,Editable,ReadOnly,ReadOnly,Editable,Editable,Editable,ReadOnly,ReadOnly,ReadOnly,ReadOnly,ReadOnly,ReadOnly
Check_Validation,Check_Validation,Check Validation,Text,True,"if(Extend_btn=true() || Renew_btn = true() || Cancel_Contract_btn=true(),""1"",""0"")",True,-,-,-,-,-,-,-,Contract Management ,Hidden,ReadOnly,ReadOnly,Editable,Hidden,ReadOnly,ReadOnly,Hidden,ReadOnly,ReadOnly,ReadOnly,ReadOnly,Hidden,Editable,ReadOnly,Hidden,Editable,ReadOnly,ReadOnly,ReadOnly,ReadOnly,Editable,ReadOnly,ReadOnly,Editable,Hidden,Editable,ReadOnly,ReadOnly,ReadOnly,ReadOnly,ReadOnly,ReadOnly
Warning_Message,Warning_Message,Warning Message ***,Text,True,"if(Check_Validation=""0"",""Please choose Extend, Renew or Cancel Contract before click Submit button."","" Please choose Extend, Renew or Cancel Contract before click Submit button."")",True,"Field visibility rules - Match All: 
- Check_Validation EQUAL_TO 0-Value
",-,-,-,-,-,-,Contract Management ,Hidden,ReadOnly,ReadOnly,Editable,Hidden,ReadOnly,ReadOnly,Hidden,ReadOnly,ReadOnly,ReadOnly,ReadOnly,Hidden,Editable,ReadOnly,Hidden,Editable,ReadOnly,ReadOnly,ReadOnly,ReadOnly,Editable,ReadOnly,ReadOnly,Editable,ReadOnly,Editable,ReadOnly,ReadOnly,ReadOnly,ReadOnly,ReadOnly,ReadOnly
Vendor_Text,Vendor_Text,Vendor Text,Text,False,Vendor.Company_Name,False,-,-,-,-,-,-,-,Contract Management ,ReadOnly,ReadOnly,ReadOnly,ReadOnly,ReadOnly,ReadOnly,ReadOnly,ReadOnly,ReadOnly,ReadOnly,ReadOnly,ReadOnly,ReadOnly,ReadOnly,ReadOnly,ReadOnly,ReadOnly,ReadOnly,ReadOnly,ReadOnly,ReadOnly,ReadOnly,ReadOnly,ReadOnly,ReadOnly,ReadOnly,ReadOnly,ReadOnly,ReadOnly,ReadOnly,ReadOnly,ReadOnly,ReadOnly
Test_ID,Test_ID,Contract Instance ID,Text,False,_id,False,-,-,-,-,-,-,-,Contract Management ,ReadOnly,ReadOnly,ReadOnly,ReadOnly,ReadOnly,ReadOnly,ReadOnly,ReadOnly,ReadOnly,ReadOnly,ReadOnly,ReadOnly,ReadOnly,ReadOnly,ReadOnly,ReadOnly,ReadOnly,ReadOnly,ReadOnly,ReadOnly,ReadOnly,ReadOnly,ReadOnly,ReadOnly,ReadOnly,ReadOnly,ReadOnly,ReadOnly,ReadOnly,ReadOnly,ReadOnly,ReadOnly,ReadOnly
SQ_TEST,SQ_TEST,SQ_TEST,SequenceNumber,False,-,False,-,-,-,-,-,-,-,Contract Management ,ReadOnly,ReadOnly,ReadOnly,ReadOnly,ReadOnly,ReadOnly,ReadOnly,ReadOnly,ReadOnly,ReadOnly,ReadOnly,ReadOnly,ReadOnly,ReadOnly,ReadOnly,ReadOnly,ReadOnly,ReadOnly,ReadOnly,ReadOnly,ReadOnly,ReadOnly,ReadOnly,ReadOnly,ReadOnly,ReadOnly,ReadOnly,ReadOnly,ReadOnly,ReadOnly,ReadOnly,ReadOnly,ReadOnly
Number_Seq,Number_Seq,Number Seq,SequenceNumber,False,-,False,-,-,-,-,-,-,-,Contract Management ,ReadOnly,ReadOnly,ReadOnly,ReadOnly,ReadOnly,ReadOnly,ReadOnly,ReadOnly,ReadOnly,ReadOnly,ReadOnly,ReadOnly,ReadOnly,ReadOnly,ReadOnly,ReadOnly,ReadOnly,ReadOnly,ReadOnly,ReadOnly,ReadOnly,ReadOnly,ReadOnly,ReadOnly,ReadOnly,ReadOnly,ReadOnly,ReadOnly,ReadOnly,ReadOnly,ReadOnly,ReadOnly,ReadOnly
Contract_Model_Text,Contract_Model_Text,Contract Model Text,Text,False,Contract_Model.Contract_Model_Name,False,-,-,-,-,-,-,-,Contract Management ,ReadOnly,ReadOnly,ReadOnly,ReadOnly,ReadOnly,ReadOnly,ReadOnly,ReadOnly,ReadOnly,ReadOnly,ReadOnly,ReadOnly,ReadOnly,ReadOnly,ReadOnly,ReadOnly,ReadOnly,ReadOnly,ReadOnly,ReadOnly,ReadOnly,ReadOnly,ReadOnly,ReadOnly,ReadOnly,ReadOnly,ReadOnly,ReadOnly,ReadOnly,ReadOnly,ReadOnly,ReadOnly,ReadOnly
Department_Text,Department_Text,Department Text,Text,False,Department.Department_Name,False,-,-,-,-,-,-,-,Contract Management ,ReadOnly,ReadOnly,ReadOnly,ReadOnly,ReadOnly,ReadOnly,ReadOnly,ReadOnly,ReadOnly,ReadOnly,ReadOnly,ReadOnly,ReadOnly,ReadOnly,ReadOnly,ReadOnly,ReadOnly,ReadOnly,ReadOnly,ReadOnly,ReadOnly,ReadOnly,ReadOnly,ReadOnly,ReadOnly,ReadOnly,ReadOnly,ReadOnly,ReadOnly,ReadOnly,ReadOnly,ReadOnly,ReadOnly
CM_Seq,CM_Seq,CM Seq,SequenceNumber,False,-,False,-,-,-,-,-,-,-,Contract Management ,ReadOnly,ReadOnly,ReadOnly,ReadOnly,ReadOnly,ReadOnly,ReadOnly,ReadOnly,ReadOnly,ReadOnly,ReadOnly,ReadOnly,ReadOnly,ReadOnly,ReadOnly,ReadOnly,ReadOnly,ReadOnly,ReadOnly,ReadOnly,ReadOnly,ReadOnly,ReadOnly,ReadOnly,ReadOnly,ReadOnly,ReadOnly,ReadOnly,ReadOnly,ReadOnly,ReadOnly,ReadOnly,ReadOnly
CMS_Info_Dataset_Key,CMS_Info_Dataset_Key,CMS Info Dataset Key,Text,False,"concatenate(""SAP-"",CM_Seq)",False,-,-,-,-,-,-,-,Contract Management ,ReadOnly,ReadOnly,ReadOnly,ReadOnly,ReadOnly,ReadOnly,ReadOnly,ReadOnly,ReadOnly,ReadOnly,ReadOnly,ReadOnly,ReadOnly,ReadOnly,ReadOnly,ReadOnly,ReadOnly,ReadOnly,ReadOnly,ReadOnly,ReadOnly,ReadOnly,ReadOnly,ReadOnly,ReadOnly,ReadOnly,ReadOnly,ReadOnly,ReadOnly,ReadOnly,ReadOnly,ReadOnly,ReadOnly
Login_User,Login_User,Login User,Reference,False,-,False,-,-,Dataset,CMS_Creator_Group_Dataset,"Name, Department_Name, Team_Name, Contract_Approver_Group, Team_Email, Team_User, Contract_Creator_Group",-,"Filter 1 - (Match All) :
- Team_Email EQUAL_TO Login_User_Email-Field
",Contract Management ,ReadOnly,ReadOnly,ReadOnly,ReadOnly,ReadOnly,ReadOnly,ReadOnly,ReadOnly,ReadOnly,ReadOnly,ReadOnly,ReadOnly,ReadOnly,ReadOnly,ReadOnly,ReadOnly,ReadOnly,ReadOnly,ReadOnly,ReadOnly,ReadOnly,ReadOnly,ReadOnly,ReadOnly,ReadOnly,ReadOnly,ReadOnly,ReadOnly,ReadOnly,ReadOnly,ReadOnly,ReadOnly,ReadOnly
Login_Approver_Group,Login_Approver_Group,Login Approver Group,Text,False,Login_User.Contract_Approver_Group,False,-,-,-,-,-,-,-,Contract Management ,ReadOnly,ReadOnly,ReadOnly,ReadOnly,ReadOnly,ReadOnly,ReadOnly,ReadOnly,ReadOnly,ReadOnly,ReadOnly,ReadOnly,ReadOnly,ReadOnly,ReadOnly,ReadOnly,ReadOnly,ReadOnly,ReadOnly,ReadOnly,ReadOnly,ReadOnly,ReadOnly,ReadOnly,ReadOnly,ReadOnly,ReadOnly,ReadOnly,ReadOnly,ReadOnly,ReadOnly,ReadOnly,ReadOnly
Login_User_Team,Login_User_Team,Login User Team,Text,False,Login_User.Team_Name,False,-,-,-,-,-,-,-,Contract Management ,ReadOnly,ReadOnly,ReadOnly,ReadOnly,ReadOnly,ReadOnly,ReadOnly,ReadOnly,ReadOnly,ReadOnly,ReadOnly,ReadOnly,ReadOnly,ReadOnly,ReadOnly,ReadOnly,ReadOnly,ReadOnly,ReadOnly,ReadOnly,ReadOnly,ReadOnly,ReadOnly,ReadOnly,ReadOnly,ReadOnly,ReadOnly,ReadOnly,ReadOnly,ReadOnly,ReadOnly,ReadOnly,ReadOnly
Login_User_Email,Login_User_Email,Login User Email,Text,False,_created_by.Email,False,-,-,-,-,-,-,-,Contract Management ,ReadOnly,ReadOnly,ReadOnly,ReadOnly,ReadOnly,ReadOnly,ReadOnly,ReadOnly,ReadOnly,ReadOnly,ReadOnly,ReadOnly,ReadOnly,ReadOnly,ReadOnly,ReadOnly,ReadOnly,ReadOnly,ReadOnly,ReadOnly,ReadOnly,ReadOnly,ReadOnly,ReadOnly,ReadOnly,ReadOnly,ReadOnly,ReadOnly,ReadOnly,ReadOnly,ReadOnly,ReadOnly,ReadOnly
User_Info,User_Info,User Info,User,False,-,False,-,-,-,-,-,-,-,Contract Management ,ReadOnly,ReadOnly,ReadOnly,ReadOnly,ReadOnly,ReadOnly,ReadOnly,ReadOnly,ReadOnly,ReadOnly,ReadOnly,ReadOnly,ReadOnly,ReadOnly,ReadOnly,ReadOnly,ReadOnly,ReadOnly,ReadOnly,ReadOnly,ReadOnly,ReadOnly,ReadOnly,ReadOnly,ReadOnly,ReadOnly,ReadOnly,ReadOnly,ReadOnly,ReadOnly,ReadOnly,ReadOnly,ReadOnly
Approver_Group,Approver_Group,Approver Group,User,False,-,False,-,-,-,-,-,-,-,Contract Management ,ReadOnly,ReadOnly,ReadOnly,ReadOnly,ReadOnly,ReadOnly,ReadOnly,ReadOnly,ReadOnly,ReadOnly,ReadOnly,ReadOnly,ReadOnly,ReadOnly,ReadOnly,ReadOnly,ReadOnly,ReadOnly,ReadOnly,ReadOnly,ReadOnly,ReadOnly,ReadOnly,ReadOnly,ReadOnly,ReadOnly,ReadOnly,ReadOnly,ReadOnly,ReadOnly,ReadOnly,ReadOnly,ReadOnly
Contract_Attachment,Contract_Attachment,Contract Attachment,Attachment,False,-,False,-,-,-,-,-,-,-,Contract Management ,ReadOnly,ReadOnly,ReadOnly,Editable,ReadOnly,ReadOnly,ReadOnly,Editable,ReadOnly,ReadOnly,ReadOnly,ReadOnly,ReadOnly,Editable,ReadOnly,ReadOnly,ReadOnly,ReadOnly,ReadOnly,ReadOnly,ReadOnly,ReadOnly,ReadOnly,ReadOnly,Editable,Editable,Editable,ReadOnly,ReadOnly,ReadOnly,ReadOnly,ReadOnly,ReadOnly
Login_User_Dept,Login_User_Dept,Login User Dept,Text,False,Login_User.Department_Name,False,-,-,-,-,-,-,-,Contract Management ,ReadOnly,ReadOnly,ReadOnly,ReadOnly,ReadOnly,ReadOnly,ReadOnly,ReadOnly,ReadOnly,ReadOnly,ReadOnly,ReadOnly,ReadOnly,ReadOnly,ReadOnly,ReadOnly,ReadOnly,ReadOnly,ReadOnly,ReadOnly,ReadOnly,ReadOnly,ReadOnly,ReadOnly,ReadOnly,ReadOnly,ReadOnly,ReadOnly,ReadOnly,ReadOnly,ReadOnly,ReadOnly,ReadOnly
Contract_Approver_Info,Contract_Approver_Info,Contract Approver Info,Reference,False,-,False,-,-,Dataset,CMS_Approver_Group,"Name, Contract_Approver_Name, Contract_Approver_Email, Contract_Approver_Group, Team_Name, Department_Name, Division_Name, Approvers_Email_Group",-,"Filter 1 - (Match All) :
- Active EQUAL_TO Active-Value
- Contract_Approver_Group EQUAL_TO Login_Approver_Group-Field
",Contract Management ,ReadOnly,ReadOnly,ReadOnly,ReadOnly,ReadOnly,ReadOnly,ReadOnly,ReadOnly,ReadOnly,ReadOnly,ReadOnly,ReadOnly,ReadOnly,ReadOnly,ReadOnly,ReadOnly,ReadOnly,ReadOnly,ReadOnly,ReadOnly,ReadOnly,ReadOnly,ReadOnly,ReadOnly,ReadOnly,ReadOnly,ReadOnly,ReadOnly,ReadOnly,ReadOnly,ReadOnly,ReadOnly,ReadOnly
Contract_Approver_Name,Contract_Approver_Name,Contract Approver Name,Text,False,Contract_Approver_Info.Team_Name,False,-,-,-,-,-,-,-,Contract Management ,ReadOnly,ReadOnly,ReadOnly,ReadOnly,ReadOnly,ReadOnly,ReadOnly,ReadOnly,ReadOnly,ReadOnly,ReadOnly,ReadOnly,ReadOnly,ReadOnly,ReadOnly,ReadOnly,ReadOnly,ReadOnly,ReadOnly,ReadOnly,ReadOnly,ReadOnly,ReadOnly,ReadOnly,ReadOnly,ReadOnly,ReadOnly,ReadOnly,ReadOnly,ReadOnly,ReadOnly,ReadOnly,ReadOnly
Check_Date_Diff_Start_Date_and_End_Date,Check_Date_Diff_Start_Date_and_End_Date,Check Date Diff (Start Date and End Date),Number,False,Ends_Expiration_Date-Starts_Effective_Date,False,-,-,-,-,-,-,-,Contract Management ,ReadOnly,ReadOnly,ReadOnly,ReadOnly,ReadOnly,ReadOnly,ReadOnly,ReadOnly,ReadOnly,ReadOnly,ReadOnly,ReadOnly,ReadOnly,ReadOnly,ReadOnly,ReadOnly,ReadOnly,ReadOnly,ReadOnly,ReadOnly,ReadOnly,ReadOnly,ReadOnly,ReadOnly,ReadOnly,ReadOnly,ReadOnly,ReadOnly,ReadOnly,ReadOnly,ReadOnly,ReadOnly,ReadOnly
Work_Notes,Work_Notes,Work Notes,Textarea,False,-,False,-,-,-,-,-,-,-,Contract Management ,ReadOnly,ReadOnly,ReadOnly,Editable,Hidden,Editable,Editable,Editable,ReadOnly,Editable,Editable,ReadOnly,Editable,Editable,ReadOnly,Hidden,Editable,ReadOnly,ReadOnly,Editable,Editable,Editable,ReadOnly,ReadOnly,Editable,Editable,Editable,ReadOnly,Editable,Editable,ReadOnly,ReadOnly,ReadOnly
Current_Step,Current_Step,Current Step,Text,False,_current_step,False,-,-,-,-,-,-,-,Contract Management ,ReadOnly,ReadOnly,ReadOnly,ReadOnly,ReadOnly,ReadOnly,ReadOnly,ReadOnly,ReadOnly,ReadOnly,ReadOnly,ReadOnly,ReadOnly,ReadOnly,ReadOnly,ReadOnly,ReadOnly,ReadOnly,ReadOnly,ReadOnly,ReadOnly,ReadOnly,ReadOnly,ReadOnly,ReadOnly,ReadOnly,ReadOnly,ReadOnly,ReadOnly,ReadOnly,ReadOnly,ReadOnly,ReadOnly
Extension_Option,Extension_Option,Extension Option ,Select,False,-,True,"Field visibility rules - Match All: 
- Do_you_want_to_choose_extension_end_date EQUAL_TO Extension Option-Value
",CMS_Renew_Options,-,-,-,-,-,Contract Management ,ReadOnly,ReadOnly,ReadOnly,Editable,ReadOnly,ReadOnly,ReadOnly,ReadOnly,ReadOnly,ReadOnly,ReadOnly,ReadOnly,ReadOnly,Editable,ReadOnly,ReadOnly,Editable,ReadOnly,ReadOnly,ReadOnly,ReadOnly,Editable,ReadOnly,ReadOnly,ReadOnly,ReadOnly,Editable,ReadOnly,ReadOnly,ReadOnly,ReadOnly,ReadOnly,ReadOnly
Extension_End_Date,Extension_End_Date,Extension End Date,Date,False,"if(Extension_Option=""1 years"",Calculated_Ends_Expire_Date_General+365*1,if(Extension_Option=""2 years"",Calculated_Ends_Expire_Date_General+365*2,if(Extension_Option=""3 years"",Calculated_Ends_Expire_Date_General+365*3,if(Extension_Option=""4 years"",Calculated_Ends_Expire_Date_General+365*4,if(Extension_Option=""5 years"",Calculated_Ends_Expire_Date_General+365*5,Calculated_Ends_Expire_Date_General)))))

",True,"Field visibility rules - Match All: 
- Do_you_want_to_choose_extension_end_date EQUAL_TO Extension Option-Value
",-,-,-,-,-,-,Contract Management ,ReadOnly,ReadOnly,ReadOnly,Editable,ReadOnly,ReadOnly,ReadOnly,ReadOnly,ReadOnly,ReadOnly,ReadOnly,ReadOnly,ReadOnly,Editable,ReadOnly,ReadOnly,Editable,ReadOnly,ReadOnly,ReadOnly,ReadOnly,Editable,ReadOnly,ReadOnly,ReadOnly,ReadOnly,Editable,ReadOnly,ReadOnly,ReadOnly,ReadOnly,ReadOnly,ReadOnly
Extend_Cost_adjustment_type,Extend_Cost_adjustment_type,Cost Adjustment Type,Select,False,-,False,-,Cost_adjustment_type,-,-,-,-,-,Contract Management ,ReadOnly,ReadOnly,ReadOnly,Editable,ReadOnly,ReadOnly,ReadOnly,ReadOnly,ReadOnly,ReadOnly,ReadOnly,ReadOnly,ReadOnly,Editable,ReadOnly,ReadOnly,Editable,ReadOnly,ReadOnly,ReadOnly,ReadOnly,Editable,ReadOnly,ReadOnly,ReadOnly,ReadOnly,Editable,ReadOnly,ReadOnly,ReadOnly,ReadOnly,ReadOnly,ReadOnly
Extend_Cost_Adjustment,Extend_Cost_Adjustment,Cost Adjustment Amount,Number,False,-,True,"Field visibility rules - Match All: 
- Could_you_please_select_cost_adjustment_amount_or_percentage EQUAL_TO Amount-Value
",-,-,-,-,-,-,Contract Management ,ReadOnly,ReadOnly,ReadOnly,Editable,ReadOnly,ReadOnly,ReadOnly,ReadOnly,ReadOnly,ReadOnly,ReadOnly,ReadOnly,ReadOnly,Editable,ReadOnly,ReadOnly,Editable,ReadOnly,ReadOnly,ReadOnly,ReadOnly,Editable,ReadOnly,ReadOnly,ReadOnly,ReadOnly,Editable,ReadOnly,ReadOnly,ReadOnly,ReadOnly,ReadOnly,ReadOnly
Extend_Cost_Adjustment_percent,Extend_Cost_Adjustment_percent,Cost Adjustment Percentage,Number,False,-,True,"Field visibility rules - Match All: 
- Could_you_please_select_cost_adjustment_amount_or_percentage EQUAL_TO Percentage-Value
",-,-,-,-,-,-,Contract Management ,ReadOnly,ReadOnly,ReadOnly,Editable,ReadOnly,ReadOnly,ReadOnly,ReadOnly,ReadOnly,ReadOnly,ReadOnly,ReadOnly,ReadOnly,Editable,ReadOnly,ReadOnly,Editable,ReadOnly,ReadOnly,ReadOnly,ReadOnly,Editable,ReadOnly,ReadOnly,ReadOnly,ReadOnly,Editable,ReadOnly,ReadOnly,ReadOnly,ReadOnly,ReadOnly,ReadOnly
Renew_Options,Renew_Options,Renew Options,Select,False,-,False,-,CMS_Renew_Options,-,-,-,-,-,Contract Management ,ReadOnly,ReadOnly,ReadOnly,Editable,ReadOnly,ReadOnly,ReadOnly,ReadOnly,ReadOnly,ReadOnly,ReadOnly,ReadOnly,ReadOnly,Editable,ReadOnly,ReadOnly,Editable,ReadOnly,ReadOnly,ReadOnly,ReadOnly,Editable,ReadOnly,ReadOnly,ReadOnly,ReadOnly,Editable,ReadOnly,ReadOnly,ReadOnly,ReadOnly,ReadOnly,ReadOnly
Renew_Cost_adjustment_type,Renew_Cost_adjustment_type,Cost adjustment type,Select,False,-,False,-,Cost_adjustment_type,-,-,-,-,-,Contract Management ,ReadOnly,ReadOnly,ReadOnly,Editable,ReadOnly,ReadOnly,ReadOnly,ReadOnly,ReadOnly,ReadOnly,ReadOnly,ReadOnly,ReadOnly,Editable,ReadOnly,ReadOnly,Editable,ReadOnly,ReadOnly,ReadOnly,ReadOnly,Editable,ReadOnly,ReadOnly,ReadOnly,ReadOnly,Editable,ReadOnly,ReadOnly,ReadOnly,ReadOnly,ReadOnly,ReadOnly
Renew_Cost_adjustment_percentage,Renew_Cost_adjustment_percentage,Cost adjustment percentage,Number,False,-,True,"Field visibility rules - Match All: 
- Could_you_please_select_cost_adjustment_amount_or_percentage_ren EQUAL_TO Percentage-Value
",-,-,-,-,-,-,Contract Management ,ReadOnly,ReadOnly,ReadOnly,Editable,ReadOnly,ReadOnly,ReadOnly,ReadOnly,ReadOnly,ReadOnly,ReadOnly,ReadOnly,ReadOnly,Editable,ReadOnly,ReadOnly,Editable,ReadOnly,ReadOnly,ReadOnly,ReadOnly,Editable,ReadOnly,ReadOnly,ReadOnly,ReadOnly,Editable,ReadOnly,ReadOnly,ReadOnly,ReadOnly,ReadOnly,ReadOnly
Renew_Cost_adjustment_amount,Renew_Cost_adjustment_amount,Cost adjustment amount,Number,False,-,True,"Field visibility rules - Match All: 
- Could_you_please_select_cost_adjustment_amount_or_percentage_ren EQUAL_TO Amount-Value
",-,-,-,-,-,-,Contract Management ,ReadOnly,ReadOnly,ReadOnly,Editable,ReadOnly,ReadOnly,ReadOnly,ReadOnly,ReadOnly,ReadOnly,ReadOnly,ReadOnly,ReadOnly,Editable,ReadOnly,ReadOnly,Editable,ReadOnly,ReadOnly,ReadOnly,ReadOnly,Editable,ReadOnly,ReadOnly,ReadOnly,ReadOnly,Editable,ReadOnly,ReadOnly,ReadOnly,ReadOnly,ReadOnly,ReadOnly
Choose_Extension_End_Date,Choose_Extension_End_Date,Extension End Date,Date,False,-,True,"Field visibility rules - Match All: 
- Do_you_want_to_choose_extension_end_date EQUAL_TO Extension End Date-Value
",-,-,-,-,-,-,Contract Management ,ReadOnly,ReadOnly,ReadOnly,Editable,ReadOnly,ReadOnly,ReadOnly,ReadOnly,ReadOnly,ReadOnly,ReadOnly,ReadOnly,ReadOnly,Editable,ReadOnly,ReadOnly,Editable,ReadOnly,ReadOnly,ReadOnly,ReadOnly,Editable,ReadOnly,ReadOnly,ReadOnly,ReadOnly,Editable,ReadOnly,ReadOnly,ReadOnly,ReadOnly,ReadOnly,ReadOnly
Do_you_want_to_choose_extension_end_date,Do_you_want_to_choose_extension_end_date,Please choose one of the extension method.,Select,True,-,False,-,CMS_extension_method,-,-,-,-,-,Contract Management ,ReadOnly,ReadOnly,ReadOnly,Editable,ReadOnly,ReadOnly,ReadOnly,ReadOnly,ReadOnly,ReadOnly,ReadOnly,ReadOnly,ReadOnly,Editable,ReadOnly,ReadOnly,Editable,ReadOnly,ReadOnly,ReadOnly,ReadOnly,Editable,ReadOnly,ReadOnly,ReadOnly,ReadOnly,Editable,ReadOnly,ReadOnly,ReadOnly,ReadOnly,ReadOnly,ReadOnly
Updated_Ends_Expiration_Date,Updated_Ends_Expiration_Date,Renew/Extend (Expiration Date),Date,False,-,True,"Field visibility rules - Match All: 
- Calculated_Extend_End_Date NOT_EMPTY -Value
- Calculated_Renew_End_Date_General NOT_EMPTY -Value
- Current_Step NOT_EQUAL_TO Active-Value
Match All: 
- Current_Step EQUAL_TO Active-Value
- Current_Step EQUAL_TO Rejected-Value
- Current_Step EQUAL_TO Start-Value
- Current_Step EQUAL_TO Draft-Value
- Current_Step EQUAL_TO Reject-Value
",-,-,-,-,-,-,Contract Management ,ReadOnly,ReadOnly,ReadOnly,ReadOnly,Hidden,ReadOnly,ReadOnly,Editable,ReadOnly,ReadOnly,ReadOnly,ReadOnly,ReadOnly,Editable,ReadOnly,Hidden,ReadOnly,ReadOnly,ReadOnly,Editable,ReadOnly,ReadOnly,ReadOnly,ReadOnly,ReadOnly,ReadOnly,ReadOnly,ReadOnly,ReadOnly,ReadOnly,ReadOnly,ReadOnly,ReadOnly
Ends_Expiration_Date_Updated,Ends_Expiration_Date_Updated,Renewal/Extension date,Date,False,-,False,"Field visibility rules - Match All: 
- Calculated_Extend_End_Date NOT_EMPTY -Value
- Calculated_Renew_End_Date_General NOT_EMPTY -Value
",-,-,-,-,-,-,Contract Management ,Hidden,ReadOnly,ReadOnly,Hidden,Hidden,ReadOnly,ReadOnly,Hidden,ReadOnly,ReadOnly,ReadOnly,ReadOnly,Hidden,ReadOnly,ReadOnly,Hidden,ReadOnly,ReadOnly,ReadOnly,ReadOnly,ReadOnly,ReadOnly,ReadOnly,ReadOnly,ReadOnly,ReadOnly,ReadOnly,ReadOnly,ReadOnly,ReadOnly,ReadOnly,ReadOnly,ReadOnly
get_date,get_date,get date,Reference,False,-,False,-,-,Dataset,CMS_Extend_or_Renew_Date,Name,-,-,Contract Management ,ReadOnly,ReadOnly,ReadOnly,Editable,ReadOnly,ReadOnly,ReadOnly,ReadOnly,ReadOnly,ReadOnly,ReadOnly,ReadOnly,ReadOnly,ReadOnly,ReadOnly,ReadOnly,ReadOnly,ReadOnly,ReadOnly,ReadOnly,ReadOnly,ReadOnly,ReadOnly,ReadOnly,ReadOnly,ReadOnly,ReadOnly,ReadOnly,ReadOnly,ReadOnly,ReadOnly,ReadOnly,ReadOnly
Temp,Temp,Temp,Text,False,-,False,-,-,-,-,-,-,-,Contract Management ,ReadOnly,ReadOnly,ReadOnly,ReadOnly,ReadOnly,ReadOnly,ReadOnly,ReadOnly,ReadOnly,ReadOnly,ReadOnly,ReadOnly,ReadOnly,ReadOnly,ReadOnly,ReadOnly,ReadOnly,ReadOnly,ReadOnly,ReadOnly,ReadOnly,ReadOnly,ReadOnly,ReadOnly,ReadOnly,ReadOnly,ReadOnly,ReadOnly,ReadOnly,ReadOnly,ReadOnly,ReadOnly,ReadOnly
temp_date,temp_date,temp date,Date,False,-,True,-,-,-,-,-,-,-,Contract Management ,Hidden,ReadOnly,ReadOnly,Hidden,Hidden,ReadOnly,ReadOnly,Hidden,ReadOnly,ReadOnly,ReadOnly,ReadOnly,Hidden,ReadOnly,ReadOnly,Hidden,ReadOnly,ReadOnly,ReadOnly,ReadOnly,ReadOnly,ReadOnly,ReadOnly,ReadOnly,ReadOnly,ReadOnly,ReadOnly,ReadOnly,ReadOnly,ReadOnly,ReadOnly,ReadOnly,ReadOnly
RenewalExtension_date_Renew,RenewalExtension_date_Renew,Renewal date,Date,True,Renewal_Date,True,-,-,-,-,-,-,-,Contract Management ,Hidden,ReadOnly,ReadOnly,Hidden,Hidden,ReadOnly,ReadOnly,Hidden,ReadOnly,ReadOnly,ReadOnly,ReadOnly,Hidden,ReadOnly,ReadOnly,Hidden,ReadOnly,ReadOnly,ReadOnly,ReadOnly,ReadOnly,ReadOnly,ReadOnly,ReadOnly,ReadOnly,ReadOnly,ReadOnly,ReadOnly,ReadOnly,ReadOnly,ReadOnly,ReadOnly,ReadOnly
RenewalExtension_end_date_Renew,RenewalExtension_end_date_Renew,Renewal end date,Date,False,"if(Options !=""None"",Renewal_end_date,Renewal_End_Date_Choose)",True,-,-,-,-,-,-,-,Contract Management ,Hidden,ReadOnly,ReadOnly,Hidden,Hidden,ReadOnly,ReadOnly,Hidden,ReadOnly,ReadOnly,ReadOnly,ReadOnly,Hidden,ReadOnly,ReadOnly,Hidden,ReadOnly,ReadOnly,ReadOnly,ReadOnly,ReadOnly,ReadOnly,ReadOnly,ReadOnly,ReadOnly,ReadOnly,ReadOnly,ReadOnly,ReadOnly,ReadOnly,ReadOnly,ReadOnly,ReadOnly
check_renew_end_date,check_renew_end_date,check renew end date,Date,False,-,True,-,-,-,-,-,-,-,Contract Management ,ReadOnly,ReadOnly,ReadOnly,Editable,ReadOnly,ReadOnly,ReadOnly,ReadOnly,ReadOnly,ReadOnly,ReadOnly,ReadOnly,ReadOnly,Editable,ReadOnly,ReadOnly,Editable,ReadOnly,ReadOnly,ReadOnly,ReadOnly,Editable,ReadOnly,ReadOnly,ReadOnly,ReadOnly,Editable,ReadOnly,ReadOnly,ReadOnly,ReadOnly,ReadOnly,ReadOnly
check_renewal_date,check_renewal_date,check renewal date,Date,False,-,True,-,-,-,-,-,-,-,Contract Management ,ReadOnly,ReadOnly,ReadOnly,Editable,ReadOnly,ReadOnly,ReadOnly,ReadOnly,ReadOnly,ReadOnly,ReadOnly,ReadOnly,ReadOnly,Editable,ReadOnly,ReadOnly,Editable,ReadOnly,ReadOnly,ReadOnly,ReadOnly,Editable,ReadOnly,ReadOnly,ReadOnly,ReadOnly,Editable,ReadOnly,ReadOnly,ReadOnly,ReadOnly,ReadOnly,ReadOnly
Renewal_Date,Renewal_Date,Renewal Date,Date,False,-,False,-,-,-,-,-,-,-,Contract Management ,ReadOnly,ReadOnly,ReadOnly,Editable,ReadOnly,ReadOnly,ReadOnly,ReadOnly,ReadOnly,ReadOnly,ReadOnly,ReadOnly,ReadOnly,Editable,ReadOnly,ReadOnly,Editable,ReadOnly,ReadOnly,ReadOnly,ReadOnly,Editable,ReadOnly,ReadOnly,ReadOnly,ReadOnly,Editable,ReadOnly,ReadOnly,ReadOnly,ReadOnly,ReadOnly,ReadOnly
Renewal_end_date,Renewal_end_date,Renewal End Date (Auto Calculate),Date,False,"if(Renew_Options=""1 years"",Renewal_Date+365*1,if(Renew_Options=""2 years"",Renewal_Date+365*2,if(Renew_Options=""3 years"",Renewal_Date+365*3,if(Renew_Options=""4 years"",Renewal_Date+365*4,if(Renew_Options=""5 years"",Renewal_Date+365*5,Ends_Expiration_Date)))))",True,"Field visibility rules - Match All: 
- RenewalExtension_date_Renew NOT_EMPTY -Value
- Renew_Options NOT_EQUAL_TO None-Value
",-,-,-,-,-,-,Contract Management ,ReadOnly,ReadOnly,ReadOnly,Editable,ReadOnly,ReadOnly,ReadOnly,ReadOnly,ReadOnly,ReadOnly,ReadOnly,ReadOnly,ReadOnly,Editable,ReadOnly,ReadOnly,Editable,ReadOnly,ReadOnly,ReadOnly,ReadOnly,Editable,ReadOnly,ReadOnly,ReadOnly,ReadOnly,Editable,ReadOnly,ReadOnly,ReadOnly,ReadOnly,ReadOnly,ReadOnly
Renewal_End_Date_Choose,Renewal_End_Date_Choose,Renewal End Date (Choose),Date,False,-,False,"Field visibility rules - Match All: 
- RenewalExtension_date_Renew NOT_EMPTY -Value
- Renew_Options NOT_EQUAL_TO None-Value
",-,-,-,-,-,-,Contract Management ,ReadOnly,ReadOnly,ReadOnly,Editable,ReadOnly,ReadOnly,ReadOnly,ReadOnly,ReadOnly,ReadOnly,ReadOnly,ReadOnly,ReadOnly,Editable,ReadOnly,ReadOnly,Editable,ReadOnly,ReadOnly,ReadOnly,ReadOnly,Editable,ReadOnly,ReadOnly,ReadOnly,ReadOnly,Editable,ReadOnly,ReadOnly,ReadOnly,ReadOnly,ReadOnly,ReadOnly
Renewal_Extension_Section,Renewal_Extension_Section,Renewal/Extension Section,Boolean,False,-,False,-,-,-,-,-,-,-,Contract Management ,Hidden,ReadOnly,ReadOnly,Hidden,Hidden,ReadOnly,ReadOnly,Hidden,ReadOnly,ReadOnly,ReadOnly,ReadOnly,Hidden,Editable,ReadOnly,Hidden,Editable,ReadOnly,ReadOnly,Editable,ReadOnly,Editable,ReadOnly,ReadOnly,ReadOnly,ReadOnly,Editable,ReadOnly,ReadOnly,ReadOnly,ReadOnly,ReadOnly,ReadOnly
Financial_Section,Financial_Section,Financial Section,Boolean,False,-,False,-,-,-,-,-,-,-,Contract Management ,ReadOnly,ReadOnly,ReadOnly,Editable,Hidden,ReadOnly,ReadOnly,Editable,ReadOnly,ReadOnly,ReadOnly,ReadOnly,ReadOnly,Editable,ReadOnly,Hidden,Editable,ReadOnly,ReadOnly,Editable,ReadOnly,Editable,ReadOnly,ReadOnly,ReadOnly,ReadOnly,Editable,ReadOnly,ReadOnly,ReadOnly,ReadOnly,ReadOnly,ReadOnly
Check_Enxtend_End_Date_or_Not,Check_Enxtend_End_Date_or_Not,Check Enxtend End Date or Not,Text,False,-,True,-,-,-,-,-,-,-,Contract Management ,ReadOnly,ReadOnly,ReadOnly,Editable,ReadOnly,ReadOnly,ReadOnly,ReadOnly,ReadOnly,ReadOnly,ReadOnly,ReadOnly,ReadOnly,Editable,ReadOnly,ReadOnly,Editable,ReadOnly,ReadOnly,ReadOnly,ReadOnly,Editable,ReadOnly,ReadOnly,ReadOnly,ReadOnly,Editable,ReadOnly,ReadOnly,ReadOnly,ReadOnly,ReadOnly,ReadOnly
Check_Extend_End_Date_Exit_or_Not,Check_Extend_End_Date_Exit_or_Not,Check Extend End Date Exit or Not,Text,False,"if(OR(not(isBlank(Extension_End_Date)),not(isBlank(Choose_Extension_End_Date))),""Not Empty"",""Empty"")",False,-,-,-,-,-,-,-,Contract Management ,ReadOnly,ReadOnly,ReadOnly,ReadOnly,ReadOnly,ReadOnly,ReadOnly,ReadOnly,ReadOnly,ReadOnly,ReadOnly,ReadOnly,ReadOnly,ReadOnly,ReadOnly,ReadOnly,ReadOnly,ReadOnly,ReadOnly,ReadOnly,ReadOnly,ReadOnly,ReadOnly,ReadOnly,ReadOnly,ReadOnly,ReadOnly,ReadOnly,ReadOnly,ReadOnly,ReadOnly,ReadOnly,ReadOnly
Calculated_Extend_End_Date,Calculated_Extend_End_Date,Calculated Extend End Date (General),Date,False,"if(Do_you_want_to_choose_extension_end_date=""Extension Option"",Extension_End_Date,Choose_Extension_End_Date)


",False,-,-,-,-,-,-,-,Contract Management ,ReadOnly,ReadOnly,ReadOnly,ReadOnly,ReadOnly,ReadOnly,ReadOnly,ReadOnly,ReadOnly,ReadOnly,ReadOnly,ReadOnly,ReadOnly,ReadOnly,ReadOnly,ReadOnly,ReadOnly,ReadOnly,ReadOnly,ReadOnly,ReadOnly,ReadOnly,ReadOnly,ReadOnly,ReadOnly,ReadOnly,ReadOnly,ReadOnly,ReadOnly,ReadOnly,ReadOnly,ReadOnly,ReadOnly
Calculated_Renew_End_Date_General,Calculated_Renew_End_Date_General,Calculated Renew End Date (General),Date,False,"if(Renew_Options=""None"",Renewal_End_Date_Choose,Renewal_end_date)",False,-,-,-,-,-,-,-,Contract Management ,ReadOnly,ReadOnly,ReadOnly,ReadOnly,ReadOnly,ReadOnly,ReadOnly,ReadOnly,ReadOnly,ReadOnly,ReadOnly,ReadOnly,ReadOnly,ReadOnly,ReadOnly,ReadOnly,ReadOnly,ReadOnly,ReadOnly,ReadOnly,ReadOnly,ReadOnly,ReadOnly,ReadOnly,ReadOnly,ReadOnly,ReadOnly,ReadOnly,ReadOnly,ReadOnly,ReadOnly,ReadOnly,ReadOnly
Contract_Approve_Emails,Contract_Approve_Emails,Contract Approve Emails,Reference,False,-,False,-,-,Dataset,CMS_Approver_Group,"Name, Contract_Approver_Name, Contract_Approver_Email, Team_Name, Approvers_Email_Group",-,"Filter 1 - (Match All) :
- Team_Name EQUAL_TO Login_User_Team-Field
",Contract Management ,ReadOnly,ReadOnly,ReadOnly,ReadOnly,ReadOnly,ReadOnly,ReadOnly,ReadOnly,ReadOnly,ReadOnly,ReadOnly,ReadOnly,ReadOnly,ReadOnly,ReadOnly,ReadOnly,ReadOnly,ReadOnly,ReadOnly,ReadOnly,ReadOnly,ReadOnly,ReadOnly,ReadOnly,ReadOnly,ReadOnly,ReadOnly,ReadOnly,ReadOnly,ReadOnly,ReadOnly,ReadOnly,ReadOnly
Approvers,Approvers,Approvers,Text,False,Contract_Approver_Info.Approvers_Email_Group,False,-,-,-,-,-,-,-,Contract Management ,ReadOnly,ReadOnly,ReadOnly,ReadOnly,ReadOnly,ReadOnly,ReadOnly,ReadOnly,ReadOnly,ReadOnly,ReadOnly,ReadOnly,ReadOnly,ReadOnly,ReadOnly,ReadOnly,ReadOnly,ReadOnly,ReadOnly,ReadOnly,ReadOnly,ReadOnly,ReadOnly,ReadOnly,ReadOnly,ReadOnly,ReadOnly,ReadOnly,ReadOnly,ReadOnly,ReadOnly,ReadOnly,ReadOnly
Calculated_Ends_Expire_Date_General,Calculated_Ends_Expire_Date_General,Calculated Ends Expire Date (General),Date,False,"if(isBlank(Updated_Ends_Expiration_Date),Ends_Expiration_Date,Updated_Ends_Expiration_Date)
",False,-,-,-,-,-,-,-,Contract Management ,ReadOnly,ReadOnly,ReadOnly,ReadOnly,ReadOnly,ReadOnly,ReadOnly,ReadOnly,ReadOnly,ReadOnly,ReadOnly,ReadOnly,ReadOnly,ReadOnly,ReadOnly,ReadOnly,ReadOnly,ReadOnly,ReadOnly,ReadOnly,ReadOnly,ReadOnly,ReadOnly,ReadOnly,ReadOnly,ReadOnly,ReadOnly,ReadOnly,ReadOnly,ReadOnly,ReadOnly,ReadOnly,ReadOnly
Renewal_Extension_date_before_renew_or_extend,Renewal_Extension_date_before_renew_or_extend,Renewal/Extension date,Date,False,-,True,"Field visibility rules - Match All: 
- Calculated_Extend_End_Date NOT_EMPTY -Value
- Calculated_Renew_End_Date_General NOT_EMPTY -Value
",-,-,-,-,-,-,Contract Management ,Hidden,ReadOnly,ReadOnly,Hidden,Hidden,ReadOnly,ReadOnly,Hidden,ReadOnly,ReadOnly,ReadOnly,ReadOnly,Hidden,ReadOnly,ReadOnly,Hidden,ReadOnly,ReadOnly,ReadOnly,ReadOnly,ReadOnly,ReadOnly,ReadOnly,ReadOnly,ReadOnly,ReadOnly,ReadOnly,ReadOnly,ReadOnly,ReadOnly,ReadOnly,ReadOnly,ReadOnly
Check_Extend_or_Renew,Check_Extend_or_Renew,Check Extend or Renew,Text,False,"if(Extend_btn=true(),""Extend"",if(Renew_btn=true(),""Renew"",if(Cancel_Contract_btn=true(),""Cancel"",""None""))))",False,-,-,-,-,-,-,-,Contract Management ,ReadOnly,ReadOnly,ReadOnly,ReadOnly,ReadOnly,ReadOnly,ReadOnly,ReadOnly,ReadOnly,ReadOnly,ReadOnly,ReadOnly,ReadOnly,ReadOnly,ReadOnly,ReadOnly,ReadOnly,ReadOnly,ReadOnly,ReadOnly,ReadOnly,ReadOnly,ReadOnly,ReadOnly,ReadOnly,ReadOnly,ReadOnly,ReadOnly,ReadOnly,ReadOnly,ReadOnly,ReadOnly,ReadOnly
Origional_Ends_Expire_Date,Origional_Ends_Expire_Date,Origional Ends Expire Date (General),Date,False,Ends_Expiration_Date,False,-,-,-,-,-,-,-,Contract Management ,ReadOnly,ReadOnly,ReadOnly,ReadOnly,ReadOnly,ReadOnly,ReadOnly,ReadOnly,ReadOnly,ReadOnly,ReadOnly,ReadOnly,ReadOnly,ReadOnly,ReadOnly,ReadOnly,ReadOnly,ReadOnly,ReadOnly,ReadOnly,ReadOnly,ReadOnly,ReadOnly,ReadOnly,ReadOnly,ReadOnly,ReadOnly,ReadOnly,ReadOnly,ReadOnly,ReadOnly,ReadOnly,ReadOnly
Original_Start_Effective_Date_General,Original_Start_Effective_Date_General,Original Start Effective Date (General),Date,False,-,False,-,-,-,-,-,-,-,Contract Management ,ReadOnly,ReadOnly,ReadOnly,ReadOnly,ReadOnly,ReadOnly,ReadOnly,ReadOnly,ReadOnly,ReadOnly,ReadOnly,ReadOnly,ReadOnly,ReadOnly,ReadOnly,ReadOnly,ReadOnly,ReadOnly,ReadOnly,ReadOnly,ReadOnly,ReadOnly,ReadOnly,ReadOnly,ReadOnly,ReadOnly,ReadOnly,ReadOnly,ReadOnly,ReadOnly,ReadOnly,ReadOnly,ReadOnly
DateTimeNow,DateTimeNow,DateTimeNow,DateTime,False,now(),False,-,-,-,-,-,-,-,Contract Management ,ReadOnly,ReadOnly,ReadOnly,ReadOnly,ReadOnly,ReadOnly,ReadOnly,ReadOnly,ReadOnly,ReadOnly,ReadOnly,ReadOnly,ReadOnly,ReadOnly,ReadOnly,ReadOnly,ReadOnly,ReadOnly,ReadOnly,ReadOnly,ReadOnly,ReadOnly,ReadOnly,ReadOnly,ReadOnly,ReadOnly,ReadOnly,ReadOnly,ReadOnly,ReadOnly,ReadOnly,ReadOnly,ReadOnly
DateTimeNow_Text,DateTimeNow_Text,DateTimeNow Text,Text,False,DateTimeNow.toText(),False,-,-,-,-,-,-,-,Contract Management ,ReadOnly,ReadOnly,ReadOnly,ReadOnly,ReadOnly,ReadOnly,ReadOnly,ReadOnly,ReadOnly,ReadOnly,ReadOnly,ReadOnly,ReadOnly,ReadOnly,ReadOnly,ReadOnly,ReadOnly,ReadOnly,ReadOnly,ReadOnly,ReadOnly,ReadOnly,ReadOnly,ReadOnly,ReadOnly,ReadOnly,ReadOnly,ReadOnly,ReadOnly,ReadOnly,ReadOnly,ReadOnly,ReadOnly
Check_Temp_Date_Blank_or_Not,Check_Temp_Date_Blank_or_Not,Check Temp Date Blank or Not,Date,False,"if(isBlank(temp_date),Origional_Ends_Expire_Date,temp_date)",False,-,-,-,-,-,-,-,Contract Management ,ReadOnly,ReadOnly,ReadOnly,ReadOnly,ReadOnly,ReadOnly,ReadOnly,ReadOnly,ReadOnly,ReadOnly,ReadOnly,ReadOnly,ReadOnly,ReadOnly,ReadOnly,ReadOnly,ReadOnly,ReadOnly,ReadOnly,ReadOnly,ReadOnly,ReadOnly,ReadOnly,ReadOnly,ReadOnly,ReadOnly,ReadOnly,ReadOnly,ReadOnly,ReadOnly,ReadOnly,ReadOnly,ReadOnly
Submit_For_Review_Text,Submit_For_Review_Text,Submit For Review Text,Text,False,Current_Step,False,-,-,-,-,-,-,-,Contract Management ,ReadOnly,ReadOnly,ReadOnly,ReadOnly,ReadOnly,ReadOnly,ReadOnly,ReadOnly,ReadOnly,ReadOnly,ReadOnly,ReadOnly,ReadOnly,ReadOnly,ReadOnly,ReadOnly,ReadOnly,ReadOnly,ReadOnly,ReadOnly,ReadOnly,ReadOnly,ReadOnly,ReadOnly,ReadOnly,ReadOnly,ReadOnly,ReadOnly,ReadOnly,ReadOnly,ReadOnly,ReadOnly,ReadOnly
Submit_Draft,Submit_Draft,Submit Draft,Text,False,-,False,-,-,-,-,-,-,-,Contract Management ,ReadOnly,ReadOnly,ReadOnly,ReadOnly,ReadOnly,ReadOnly,ReadOnly,ReadOnly,ReadOnly,ReadOnly,ReadOnly,ReadOnly,ReadOnly,ReadOnly,ReadOnly,ReadOnly,ReadOnly,ReadOnly,ReadOnly,ReadOnly,ReadOnly,ReadOnly,ReadOnly,ReadOnly,ReadOnly,ReadOnly,ReadOnly,ReadOnly,ReadOnly,ReadOnly,ReadOnly,ReadOnly,ReadOnly
Submit_For_Review_is_True,Submit_For_Review_is_True,Submit For Review is True,Text,False,"if(AND(Current_Step=""Active"",Select_Option_Draft=""Submit For Review""),""True"",""False""))",False,-,-,-,-,-,-,-,Contract Management ,ReadOnly,ReadOnly,ReadOnly,ReadOnly,ReadOnly,ReadOnly,ReadOnly,ReadOnly,ReadOnly,ReadOnly,ReadOnly,ReadOnly,ReadOnly,ReadOnly,ReadOnly,ReadOnly,ReadOnly,ReadOnly,ReadOnly,ReadOnly,ReadOnly,ReadOnly,ReadOnly,ReadOnly,ReadOnly,ReadOnly,ReadOnly,ReadOnly,ReadOnly,ReadOnly,ReadOnly,ReadOnly,ReadOnly
Calculated_RenewalExtension_date_General,Calculated_RenewalExtension_date_General,Calculated Renewal/Extension date (General),Date,False,"if(isBlank(Renewal_Extension_date_before_renew_or_extend),Ends_Expiration_Date_Updated,Renewal_Extension_date_before_renew_or_extend)",False,-,-,-,-,-,-,-,Contract Management ,ReadOnly,ReadOnly,ReadOnly,ReadOnly,ReadOnly,ReadOnly,ReadOnly,ReadOnly,ReadOnly,ReadOnly,ReadOnly,ReadOnly,ReadOnly,ReadOnly,ReadOnly,ReadOnly,ReadOnly,ReadOnly,ReadOnly,ReadOnly,ReadOnly,ReadOnly,ReadOnly,ReadOnly,ReadOnly,ReadOnly,ReadOnly,ReadOnly,ReadOnly,ReadOnly,ReadOnly,ReadOnly,ReadOnly
Map_CMS_Info_Dataset_Key_ID,Map_CMS_Info_Dataset_Key_ID,Map CMS Info Dataset Key ID,Text,False,"concatenate(Contract_Number,""-"",concatenate(DateTimeNow.year().toText(), DateTimeNow.month().toText(), DateTimeNow.day().toText(), DateTimeNow.hour().toText(), DateTimeNow.minute().toText(), DateTimeNow.second().toText()))",False,-,-,-,-,-,-,-,Contract Management ,ReadOnly,ReadOnly,ReadOnly,ReadOnly,ReadOnly,ReadOnly,ReadOnly,ReadOnly,ReadOnly,ReadOnly,ReadOnly,ReadOnly,ReadOnly,ReadOnly,ReadOnly,ReadOnly,ReadOnly,ReadOnly,ReadOnly,ReadOnly,ReadOnly,ReadOnly,ReadOnly,ReadOnly,ReadOnly,ReadOnly,ReadOnly,ReadOnly,ReadOnly,ReadOnly,ReadOnly,ReadOnly,ReadOnly
Get_Dataset_Key_ID_from_CMS,Get_Dataset_Key_ID_from_CMS,Get Dataset Key ID from CMS,Text,False,-,False,-,-,-,-,-,-,-,Contract Management ,ReadOnly,ReadOnly,ReadOnly,ReadOnly,ReadOnly,ReadOnly,ReadOnly,ReadOnly,ReadOnly,ReadOnly,ReadOnly,ReadOnly,ReadOnly,ReadOnly,ReadOnly,ReadOnly,ReadOnly,ReadOnly,ReadOnly,ReadOnly,ReadOnly,ReadOnly,ReadOnly,ReadOnly,ReadOnly,ReadOnly,ReadOnly,ReadOnly,ReadOnly,ReadOnly,ReadOnly,ReadOnly,ReadOnly
Check_Duplicate_Contract_Number,Check_Duplicate_Contract_Number,Check Duplicate Contract Number,Text,False,-,False,-,-,-,-,-,-,-,Contract Management ,ReadOnly,ReadOnly,ReadOnly,ReadOnly,ReadOnly,ReadOnly,ReadOnly,ReadOnly,ReadOnly,ReadOnly,ReadOnly,ReadOnly,ReadOnly,ReadOnly,ReadOnly,ReadOnly,ReadOnly,ReadOnly,ReadOnly,ReadOnly,ReadOnly,ReadOnly,ReadOnly,ReadOnly,ReadOnly,ReadOnly,ReadOnly,ReadOnly,ReadOnly,ReadOnly,ReadOnly,ReadOnly,ReadOnly
Check_Step_and_Expired_State,Check_Step_and_Expired_State,Check Step and Expired State,Text,False,"IF(AND(State=""Expired"",(Current_Step=""Draft"" || Current_Step=""Active"" || Current_Step=""Extend"" || Current_Step=""Renew"")),""True"",""False"")",False,-,-,-,-,-,-,-,Contract Management ,ReadOnly,ReadOnly,ReadOnly,ReadOnly,ReadOnly,ReadOnly,ReadOnly,ReadOnly,ReadOnly,ReadOnly,ReadOnly,ReadOnly,ReadOnly,ReadOnly,ReadOnly,ReadOnly,ReadOnly,ReadOnly,ReadOnly,ReadOnly,ReadOnly,ReadOnly,ReadOnly,ReadOnly,ReadOnly,ReadOnly,ReadOnly,ReadOnly,ReadOnly,ReadOnly,ReadOnly,ReadOnly,ReadOnly
Cancellation_Reason,Cancellation_Reason,Cancellation Reason,Textarea,True,-,True,"Field visibility rules - Match All: 
- Cancel_Contract_btn EQUAL_TO true-Value
",-,-,-,-,-,-,Contract Management ,Hidden,ReadOnly,ReadOnly,Editable,Hidden,ReadOnly,ReadOnly,Hidden,ReadOnly,ReadOnly,ReadOnly,ReadOnly,Hidden,Editable,ReadOnly,Hidden,Editable,ReadOnly,ReadOnly,ReadOnly,ReadOnly,Editable,ReadOnly,ReadOnly,Editable,ReadOnly,Editable,ReadOnly,ReadOnly,ReadOnly,ReadOnly,ReadOnly,ReadOnly
gat_data_from_tbl,gat_data_from_tbl,gat data from tbl,Text,False,-,False,-,-,-,-,-,-,-,Contract Management ,ReadOnly,ReadOnly,ReadOnly,ReadOnly,ReadOnly,ReadOnly,ReadOnly,ReadOnly,ReadOnly,ReadOnly,ReadOnly,ReadOnly,ReadOnly,ReadOnly,ReadOnly,ReadOnly,ReadOnly,ReadOnly,ReadOnly,ReadOnly,ReadOnly,ReadOnly,ReadOnly,ReadOnly,ReadOnly,ReadOnly,ReadOnly,ReadOnly,ReadOnly,ReadOnly,ReadOnly,ReadOnly,ReadOnly
Ends_Expire_Date_Reject_General,Ends_Expire_Date_Reject_General,Ends Expire Date,Date,False,-,True,"Field visibility rules - Match All: 
- Current_Step EQUAL_TO Reject-Value
- Current_Step EQUAL_TO Rejected-Value
",-,-,-,-,-,-,Contract Management ,ReadOnly,ReadOnly,ReadOnly,Editable,Hidden,ReadOnly,ReadOnly,Editable,ReadOnly,ReadOnly,ReadOnly,ReadOnly,ReadOnly,Editable,ReadOnly,Hidden,ReadOnly,ReadOnly,ReadOnly,Editable,ReadOnly,ReadOnly,ReadOnly,ReadOnly,ReadOnly,ReadOnly,ReadOnly,ReadOnly,ReadOnly,ReadOnly,ReadOnly,ReadOnly,ReadOnly
Check_Extend_End_Date_or_Option,Check_Extend_End_Date_or_Option,Check Extend End Date or Option,Date,False,"if(Do_you_want_to_choose_extension_end_date=""Extension Option"",Extension_End_Date,Choose_Extension_End_Date)",False,-,-,-,-,-,-,-,Contract Management ,ReadOnly,ReadOnly,ReadOnly,ReadOnly,ReadOnly,ReadOnly,ReadOnly,ReadOnly,ReadOnly,ReadOnly,ReadOnly,ReadOnly,ReadOnly,ReadOnly,ReadOnly,ReadOnly,ReadOnly,ReadOnly,ReadOnly,ReadOnly,ReadOnly,ReadOnly,ReadOnly,ReadOnly,ReadOnly,ReadOnly,ReadOnly,ReadOnly,ReadOnly,ReadOnly,ReadOnly,ReadOnly,ReadOnly
Renewal_Extension_End_Date_Updated,Renewal_Extension_End_Date_Updated,Renewal Extension End Date,Date,False,-,False,-,-,-,-,-,-,-,Contract Management ,Hidden,ReadOnly,ReadOnly,Hidden,Hidden,ReadOnly,ReadOnly,Hidden,ReadOnly,ReadOnly,ReadOnly,ReadOnly,Hidden,ReadOnly,ReadOnly,Hidden,ReadOnly,ReadOnly,ReadOnly,ReadOnly,ReadOnly,ReadOnly,ReadOnly,ReadOnly,ReadOnly,ReadOnly,ReadOnly,ReadOnly,ReadOnly,ReadOnly,ReadOnly,ReadOnly,ReadOnly
Dummy_Date,Dummy_Date,Dummy Date,Date,False,-,False,-,-,-,-,-,-,-,Contract Management ,ReadOnly,ReadOnly,ReadOnly,ReadOnly,ReadOnly,ReadOnly,ReadOnly,ReadOnly,ReadOnly,ReadOnly,ReadOnly,ReadOnly,ReadOnly,ReadOnly,ReadOnly,ReadOnly,ReadOnly,ReadOnly,ReadOnly,ReadOnly,ReadOnly,ReadOnly,ReadOnly,ReadOnly,ReadOnly,ReadOnly,ReadOnly,ReadOnly,ReadOnly,ReadOnly,ReadOnly,ReadOnly,ReadOnly
Login_User_Team_Email,Login_User_Team_Email,Login User Team Email,Text,False,Login_User.Team_Email,False,-,-,-,-,-,-,-,Contract Management ,ReadOnly,ReadOnly,ReadOnly,ReadOnly,ReadOnly,ReadOnly,ReadOnly,ReadOnly,ReadOnly,ReadOnly,ReadOnly,ReadOnly,ReadOnly,ReadOnly,ReadOnly,ReadOnly,ReadOnly,ReadOnly,ReadOnly,ReadOnly,ReadOnly,ReadOnly,ReadOnly,ReadOnly,ReadOnly,ReadOnly,ReadOnly,ReadOnly,ReadOnly,ReadOnly,ReadOnly,ReadOnly,ReadOnly
Check_Reject_Reason,Check_Reject_Reason,Check Reject Reason,Text,False,"if(Approving = ""Reject"",""True"",""False"")",False,-,-,-,-,-,-,-,Contract Management ,ReadOnly,ReadOnly,ReadOnly,ReadOnly,ReadOnly,ReadOnly,ReadOnly,ReadOnly,ReadOnly,ReadOnly,ReadOnly,ReadOnly,ReadOnly,ReadOnly,ReadOnly,ReadOnly,ReadOnly,ReadOnly,ReadOnly,ReadOnly,ReadOnly,ReadOnly,ReadOnly,ReadOnly,ReadOnly,ReadOnly,ReadOnly,ReadOnly,ReadOnly,ReadOnly,ReadOnly,ReadOnly,ReadOnly
Reject_Warning_Message,Reject_Warning_Message,*** Warning Message ***,Text,True,"if(Check_Reject_Reason=""False"",""Please type reason of the reject."",""Please type reason of the reject."")",True,-,-,-,-,-,-,-,Contract Management ,ReadOnly,ReadOnly,ReadOnly,ReadOnly,Editable,ReadOnly,ReadOnly,ReadOnly,ReadOnly,ReadOnly,ReadOnly,ReadOnly,ReadOnly,ReadOnly,ReadOnly,Editable,ReadOnly,ReadOnly,ReadOnly,ReadOnly,ReadOnly,ReadOnly,ReadOnly,ReadOnly,ReadOnly,ReadOnly,ReadOnly,ReadOnly,ReadOnly,ReadOnly,ReadOnly,ReadOnly,ReadOnly
Reason,Reason,Reason,Textarea,True,-,True,"Field visibility rules - Match All: 
- Approving EQUAL_TO Reject-Value
- Current_Step EQUAL_TO Rejected-Value
- Current_Step EQUAL_TO Reject-Value
",-,-,-,-,-,-,Contract Management ,ReadOnly,ReadOnly,ReadOnly,ReadOnly,Editable,ReadOnly,ReadOnly,ReadOnly,ReadOnly,ReadOnly,ReadOnly,ReadOnly,ReadOnly,ReadOnly,ReadOnly,Editable,ReadOnly,ReadOnly,ReadOnly,ReadOnly,ReadOnly,ReadOnly,ReadOnly,ReadOnly,ReadOnly,ReadOnly,ReadOnly,ReadOnly,ReadOnly,ReadOnly,ReadOnly,ReadOnly,ReadOnly
Vendor_for_Migration,Vendor_for_Migration,Vendor for Migration,Text,False,-,False,-,-,-,-,-,-,-,Contract Management ,ReadOnly,ReadOnly,ReadOnly,ReadOnly,ReadOnly,ReadOnly,ReadOnly,ReadOnly,ReadOnly,ReadOnly,ReadOnly,ReadOnly,ReadOnly,ReadOnly,ReadOnly,ReadOnly,ReadOnly,ReadOnly,ReadOnly,ReadOnly,ReadOnly,ReadOnly,ReadOnly,ReadOnly,ReadOnly,ReadOnly,ReadOnly,ReadOnly,ReadOnly,ReadOnly,ReadOnly,ReadOnly,ReadOnly
Email_migrated,Email_migrated,Email,Email,False,-,False,-,-,-,-,-,-,-,Contract Management ,ReadOnly,ReadOnly,ReadOnly,ReadOnly,ReadOnly,ReadOnly,ReadOnly,ReadOnly,ReadOnly,ReadOnly,ReadOnly,ReadOnly,ReadOnly,ReadOnly,ReadOnly,ReadOnly,ReadOnly,ReadOnly,ReadOnly,ReadOnly,ReadOnly,ReadOnly,ReadOnly,ReadOnly,ReadOnly,ReadOnly,ReadOnly,ReadOnly,ReadOnly,ReadOnly,ReadOnly,ReadOnly,ReadOnly
Check_Extend_Cost_Adjustment_Percentage_or_Amt,Check_Extend_Cost_Adjustment_Percentage_or_Amt,Check Extend Cost Adjustment Percentage or Amt,Number,False,"if(Could_you_please_select_cost_adjustment_amount_or_percentage=""Amount"",Extend_Cost_Adjustment,Extend_Cost_Adjustment_percent)",False,-,-,-,-,-,-,-,Contract Management ,ReadOnly,ReadOnly,ReadOnly,ReadOnly,ReadOnly,ReadOnly,ReadOnly,ReadOnly,ReadOnly,ReadOnly,ReadOnly,ReadOnly,ReadOnly,ReadOnly,ReadOnly,ReadOnly,ReadOnly,ReadOnly,ReadOnly,ReadOnly,ReadOnly,ReadOnly,ReadOnly,ReadOnly,ReadOnly,ReadOnly,ReadOnly,ReadOnly,ReadOnly,ReadOnly,ReadOnly,ReadOnly,ReadOnly
Could_you_please_select_cost_adjustment_amount_or_percentage,Could_you_please_select_cost_adjustment_amount_or_percentage,Could you please select cost adjustment amount or percentage?,Select,False,-,False,-,Cost_Adjustment_Amt_or_Percentage,-,-,-,-,-,Contract Management ,ReadOnly,ReadOnly,ReadOnly,Editable,ReadOnly,ReadOnly,ReadOnly,ReadOnly,ReadOnly,ReadOnly,ReadOnly,ReadOnly,ReadOnly,Editable,ReadOnly,ReadOnly,Editable,ReadOnly,ReadOnly,ReadOnly,ReadOnly,Editable,ReadOnly,ReadOnly,ReadOnly,ReadOnly,Editable,ReadOnly,ReadOnly,ReadOnly,ReadOnly,ReadOnly,ReadOnly
Check_Extend_or_Renew_Cost_Adjustment_Amt,Check_Extend_or_Renew_Cost_Adjustment_Amt,Check Extend or Renew Cost Adjustment Amt,Number,False,"if(Extend_btn=true(),Cost_adjustment_amount,Renew_Cost_adjustment_amount)",False,-,-,-,-,-,-,-,Contract Management ,ReadOnly,ReadOnly,ReadOnly,ReadOnly,ReadOnly,ReadOnly,ReadOnly,ReadOnly,ReadOnly,ReadOnly,ReadOnly,ReadOnly,ReadOnly,ReadOnly,ReadOnly,ReadOnly,ReadOnly,ReadOnly,ReadOnly,ReadOnly,ReadOnly,ReadOnly,ReadOnly,ReadOnly,ReadOnly,ReadOnly,ReadOnly,ReadOnly,ReadOnly,ReadOnly,ReadOnly,ReadOnly,ReadOnly
Check_Extend_or_Renew_Cost_Adjustment_Percentage,Check_Extend_or_Renew_Cost_Adjustment_Percentage,Check Extend or Renew Cost Adjustment Percentage,Number,False,"if(Extend_btn=true(),Extend_Cost_Adjustment_percent,Renew_Cost_adjustment_percentage)",False,-,-,-,-,-,-,-,Contract Management ,ReadOnly,ReadOnly,ReadOnly,ReadOnly,ReadOnly,ReadOnly,ReadOnly,ReadOnly,ReadOnly,ReadOnly,ReadOnly,ReadOnly,ReadOnly,ReadOnly,ReadOnly,ReadOnly,ReadOnly,ReadOnly,ReadOnly,ReadOnly,ReadOnly,ReadOnly,ReadOnly,ReadOnly,ReadOnly,ReadOnly,ReadOnly,ReadOnly,ReadOnly,ReadOnly,ReadOnly,ReadOnly,ReadOnly
Payment_Amt_Calculate,Payment_Amt_Calculate,Payment Amt Calculate,Number,False,Payment_Amt_Val+Check_Extend_or_Renew_Cost_Adjustment_Amt,False,-,-,-,-,-,-,-,Contract Management ,ReadOnly,ReadOnly,ReadOnly,ReadOnly,ReadOnly,ReadOnly,ReadOnly,ReadOnly,ReadOnly,ReadOnly,ReadOnly,ReadOnly,ReadOnly,ReadOnly,ReadOnly,ReadOnly,ReadOnly,ReadOnly,ReadOnly,ReadOnly,ReadOnly,ReadOnly,ReadOnly,ReadOnly,ReadOnly,ReadOnly,ReadOnly,ReadOnly,ReadOnly,ReadOnly,ReadOnly,ReadOnly,ReadOnly
Could_you_please_select_cost_adjustment_amount_or_percentage_ren,Could_you_please_select_cost_adjustment_amount_or_percentage_ren,Could you please select cost adjustment amount or percentage?,Select,False,-,False,-,Cost_Adjustment_Amt_or_Percentage,-,-,-,-,-,Contract Management ,ReadOnly,ReadOnly,ReadOnly,Editable,ReadOnly,ReadOnly,ReadOnly,ReadOnly,ReadOnly,ReadOnly,ReadOnly,ReadOnly,ReadOnly,Editable,ReadOnly,ReadOnly,Editable,ReadOnly,ReadOnly,ReadOnly,ReadOnly,Editable,ReadOnly,ReadOnly,ReadOnly,ReadOnly,Editable,ReadOnly,ReadOnly,ReadOnly,ReadOnly,ReadOnly,ReadOnly
Payment_Amt_Val,Payment_Amt_Val,Payment Amt Val,Number,False,Payment_amount.value(),False,-,-,-,-,-,-,-,Contract Management ,ReadOnly,ReadOnly,ReadOnly,ReadOnly,ReadOnly,ReadOnly,ReadOnly,ReadOnly,ReadOnly,ReadOnly,ReadOnly,ReadOnly,ReadOnly,ReadOnly,ReadOnly,ReadOnly,ReadOnly,ReadOnly,ReadOnly,ReadOnly,ReadOnly,ReadOnly,ReadOnly,ReadOnly,ReadOnly,ReadOnly,ReadOnly,ReadOnly,ReadOnly,ReadOnly,ReadOnly,ReadOnly,ReadOnly
Payment_Percentage_Val,Payment_Percentage_Val,Payment Percentage Val,Number,False,((Check_Extend_or_Renew_Cost_Adjustment_Percentage/100)*Payment_Amt_Val)+Payment_Amt_Val,False,-,-,-,-,-,-,-,Contract Management ,ReadOnly,ReadOnly,ReadOnly,ReadOnly,ReadOnly,ReadOnly,ReadOnly,ReadOnly,ReadOnly,ReadOnly,ReadOnly,ReadOnly,ReadOnly,ReadOnly,ReadOnly,ReadOnly,ReadOnly,ReadOnly,ReadOnly,ReadOnly,ReadOnly,ReadOnly,ReadOnly,ReadOnly,ReadOnly,ReadOnly,ReadOnly,ReadOnly,ReadOnly,ReadOnly,ReadOnly,ReadOnly,ReadOnly
Total_Payment_Amt_Val,Total_Payment_Amt_Val,Total Payment Amt Val,Number,False,Payment_Amt_Val,False,-,-,-,-,-,-,-,Contract Management ,ReadOnly,ReadOnly,ReadOnly,ReadOnly,ReadOnly,ReadOnly,ReadOnly,ReadOnly,ReadOnly,ReadOnly,ReadOnly,ReadOnly,ReadOnly,ReadOnly,ReadOnly,ReadOnly,ReadOnly,ReadOnly,ReadOnly,ReadOnly,ReadOnly,ReadOnly,ReadOnly,ReadOnly,ReadOnly,ReadOnly,ReadOnly,ReadOnly,ReadOnly,ReadOnly,ReadOnly,ReadOnly,ReadOnly
Extend_Cost_Adj_amt_or_Percentage,Extend_Cost_Adj_amt_or_Percentage,Extend Cost Adj amt or Percentage,Number,False,"if(Could_you_please_select_cost_adjustment_amount_or_percentage=""Amount"",Extend_Cost_Adjustment,(Extend_Cost_Adjustment_percent/100)*Payment_Amt_Val)+Payment_Amt_Val

",False,-,-,-,-,-,-,-,Contract Management ,ReadOnly,ReadOnly,ReadOnly,ReadOnly,ReadOnly,ReadOnly,ReadOnly,ReadOnly,ReadOnly,ReadOnly,ReadOnly,ReadOnly,ReadOnly,ReadOnly,ReadOnly,ReadOnly,ReadOnly,ReadOnly,ReadOnly,ReadOnly,ReadOnly,ReadOnly,ReadOnly,ReadOnly,ReadOnly,ReadOnly,ReadOnly,ReadOnly,ReadOnly,ReadOnly,ReadOnly,ReadOnly,ReadOnly
Renew_Cost_Adj_amt_or_Percentage,Renew_Cost_Adj_amt_or_Percentage,Renew Cost Adj amt or Percentage,Number,False,"if(Could_you_please_select_cost_adjustment_amount_or_percentage_ren=""Amount"",Renew_Cost_adjustment_amount,(Renew_Cost_adjustment_percentage/100)*Payment_Amt_Val)+Payment_Amt_Val


",False,-,-,-,-,-,-,-,Contract Management ,ReadOnly,ReadOnly,ReadOnly,ReadOnly,ReadOnly,ReadOnly,ReadOnly,ReadOnly,ReadOnly,ReadOnly,ReadOnly,ReadOnly,ReadOnly,ReadOnly,ReadOnly,ReadOnly,ReadOnly,ReadOnly,ReadOnly,ReadOnly,ReadOnly,ReadOnly,ReadOnly,ReadOnly,ReadOnly,ReadOnly,ReadOnly,ReadOnly,ReadOnly,ReadOnly,ReadOnly,ReadOnly,ReadOnly
Total_Cost_Unit,Total_Cost_Unit,Unit,Text,False,Payment_amount.code(),True,-,-,-,-,-,-,-,Contract Management ,ReadOnly,ReadOnly,ReadOnly,Editable,Hidden,ReadOnly,ReadOnly,Editable,ReadOnly,ReadOnly,ReadOnly,ReadOnly,ReadOnly,ReadOnly,ReadOnly,Hidden,ReadOnly,ReadOnly,ReadOnly,ReadOnly,ReadOnly,ReadOnly,ReadOnly,ReadOnly,ReadOnly,ReadOnly,ReadOnly,ReadOnly,ReadOnly,ReadOnly,ReadOnly,ReadOnly,ReadOnly
Total_Cost_with_Unit,Total_Cost_with_Unit,Total Cost,Text,False,"concatenate(Total_Cost.totext(),"" "",Total_Cost_Unit)",False,-,-,-,-,-,-,-,Contract Management ,ReadOnly,ReadOnly,ReadOnly,Editable,Hidden,ReadOnly,ReadOnly,Editable,ReadOnly,ReadOnly,ReadOnly,ReadOnly,ReadOnly,ReadOnly,ReadOnly,Hidden,ReadOnly,ReadOnly,ReadOnly,ReadOnly,ReadOnly,ReadOnly,ReadOnly,ReadOnly,ReadOnly,ReadOnly,ReadOnly,ReadOnly,ReadOnly,ReadOnly,ReadOnly,ReadOnly,ReadOnly
Check_Renew_Cost_Adjustment_Percentage_or_Amt,Check_Renew_Cost_Adjustment_Percentage_or_Amt,Check Renew Cost Adjustment Percentage or Amt,Number,False,"if(Could_you_please_select_cost_adjustment_amount_or_percentage_ren=""Amount"",Renew_Cost_adjustment_amount,Renew_Cost_adjustment_percentage)",False,-,-,-,-,-,-,-,Contract Management ,ReadOnly,ReadOnly,ReadOnly,ReadOnly,ReadOnly,ReadOnly,ReadOnly,ReadOnly,ReadOnly,ReadOnly,ReadOnly,ReadOnly,ReadOnly,ReadOnly,ReadOnly,ReadOnly,ReadOnly,ReadOnly,ReadOnly,ReadOnly,ReadOnly,ReadOnly,ReadOnly,ReadOnly,ReadOnly,ReadOnly,ReadOnly,ReadOnly,ReadOnly,ReadOnly,ReadOnly,ReadOnly,ReadOnly
PIC_Contact_Name,PIC_Contact_Name,PIC Contact Name,Text,False,PIC_Contact.Team_User,False,-,-,-,-,-,-,-,Contract Management ,ReadOnly,ReadOnly,ReadOnly,ReadOnly,ReadOnly,ReadOnly,ReadOnly,ReadOnly,ReadOnly,ReadOnly,ReadOnly,ReadOnly,ReadOnly,ReadOnly,ReadOnly,ReadOnly,ReadOnly,ReadOnly,ReadOnly,ReadOnly,ReadOnly,ReadOnly,ReadOnly,ReadOnly,ReadOnly,ReadOnly,ReadOnly,ReadOnly,ReadOnly,ReadOnly,ReadOnly,ReadOnly,ReadOnly
Currency_1,Currency_1,Currency,Currency,False,-,False,-,-,-,-,-,-,-,Contract Management ,ReadOnly,ReadOnly,ReadOnly,ReadOnly,ReadOnly,ReadOnly,ReadOnly,ReadOnly,ReadOnly,ReadOnly,ReadOnly,ReadOnly,ReadOnly,ReadOnly,ReadOnly,ReadOnly,ReadOnly,ReadOnly,ReadOnly,ReadOnly,ReadOnly,ReadOnly,ReadOnly,ReadOnly,ReadOnly,ReadOnly,ReadOnly,ReadOnly,ReadOnly,ReadOnly,ReadOnly,ReadOnly,ReadOnly
Test_Seq_Migrate,Test_Seq_Migrate,Test Seq,Text,False,"CONCATENATE(""CNTR"",TOTEXT(round(0000000+_request_number),""0000000""))",False,-,-,-,-,-,-,-,Contract Management ,ReadOnly,ReadOnly,ReadOnly,ReadOnly,ReadOnly,ReadOnly,ReadOnly,ReadOnly,ReadOnly,ReadOnly,ReadOnly,ReadOnly,ReadOnly,ReadOnly,ReadOnly,ReadOnly,ReadOnly,ReadOnly,ReadOnly,ReadOnly,ReadOnly,ReadOnly,ReadOnly,ReadOnly,ReadOnly,ReadOnly,ReadOnly,ReadOnly,ReadOnly,ReadOnly,ReadOnly,ReadOnly,ReadOnly
Request_No,Request_No,Request No,Number,False,_request_number,False,-,-,-,-,-,-,-,Contract Management ,ReadOnly,ReadOnly,ReadOnly,ReadOnly,ReadOnly,ReadOnly,ReadOnly,ReadOnly,ReadOnly,ReadOnly,ReadOnly,ReadOnly,ReadOnly,ReadOnly,ReadOnly,ReadOnly,ReadOnly,ReadOnly,ReadOnly,ReadOnly,ReadOnly,ReadOnly,ReadOnly,ReadOnly,ReadOnly,ReadOnly,ReadOnly,ReadOnly,ReadOnly,ReadOnly,ReadOnly,ReadOnly,ReadOnly
Generated_Contract_Number,Generated_Contract_Number,Number,Text,False,"CONCATENATE(""CNTR"",TOTEXT(round(0000000+_request_number),""0000000""))",False,-,-,-,-,-,-,-,Contract Management ,ReadOnly,ReadOnly,ReadOnly,Editable,ReadOnly,ReadOnly,ReadOnly,Editable,ReadOnly,ReadOnly,ReadOnly,ReadOnly,ReadOnly,Editable,ReadOnly,ReadOnly,ReadOnly,ReadOnly,ReadOnly,ReadOnly,ReadOnly,ReadOnly,ReadOnly,ReadOnly,Editable,Editable,ReadOnly,ReadOnly,ReadOnly,ReadOnly,ReadOnly,ReadOnly,ReadOnly
Contract_Creator_Group,Contract_Creator_Group,Contract Creator Group,Text,False,Login_User.Contract_Creator_Group,False,-,-,-,-,-,-,-,Contract Management ,ReadOnly,ReadOnly,ReadOnly,ReadOnly,ReadOnly,ReadOnly,ReadOnly,ReadOnly,ReadOnly,ReadOnly,ReadOnly,ReadOnly,ReadOnly,ReadOnly,ReadOnly,ReadOnly,ReadOnly,ReadOnly,ReadOnly,ReadOnly,ReadOnly,ReadOnly,ReadOnly,ReadOnly,ReadOnly,ReadOnly,ReadOnly,ReadOnly,ReadOnly,ReadOnly,ReadOnly,ReadOnly,ReadOnly
Creator_Group,Creator_Group,Creator Group,User,False,-,False,-,-,-,-,-,-,-,Contract Management ,ReadOnly,ReadOnly,ReadOnly,ReadOnly,ReadOnly,ReadOnly,ReadOnly,ReadOnly,ReadOnly,ReadOnly,ReadOnly,ReadOnly,ReadOnly,ReadOnly,ReadOnly,ReadOnly,ReadOnly,ReadOnly,ReadOnly,ReadOnly,ReadOnly,ReadOnly,ReadOnly,ReadOnly,ReadOnly,ReadOnly,ReadOnly,ReadOnly,ReadOnly,ReadOnly,ReadOnly,ReadOnly,ReadOnly
ITSM_Created_By,ITSM_Created_By,Created By,Text,False,-,False,-,-,-,-,-,-,-,Contract Management ,ReadOnly,ReadOnly,ReadOnly,ReadOnly,ReadOnly,ReadOnly,ReadOnly,ReadOnly,ReadOnly,ReadOnly,ReadOnly,ReadOnly,ReadOnly,ReadOnly,ReadOnly,ReadOnly,ReadOnly,ReadOnly,ReadOnly,ReadOnly,ReadOnly,ReadOnly,ReadOnly,ReadOnly,ReadOnly,ReadOnly,ReadOnly,ReadOnly,ReadOnly,ReadOnly,ReadOnly,ReadOnly,ReadOnly
ITSM_Updated_By,ITSM_Updated_By,Updated By,Text,False,-,False,-,-,-,-,-,-,-,Contract Management ,ReadOnly,ReadOnly,ReadOnly,ReadOnly,ReadOnly,ReadOnly,ReadOnly,ReadOnly,ReadOnly,ReadOnly,ReadOnly,ReadOnly,ReadOnly,ReadOnly,ReadOnly,ReadOnly,ReadOnly,ReadOnly,ReadOnly,ReadOnly,ReadOnly,ReadOnly,ReadOnly,ReadOnly,ReadOnly,ReadOnly,ReadOnly,ReadOnly,ReadOnly,ReadOnly,ReadOnly,ReadOnly,ReadOnly
Team_Email_for_Group,Team_Email_for_Group,Team Email for Group,Text,False,-,False,-,-,-,-,-,-,-,Contract Management ,ReadOnly,ReadOnly,ReadOnly,ReadOnly,ReadOnly,ReadOnly,ReadOnly,ReadOnly,ReadOnly,ReadOnly,ReadOnly,ReadOnly,ReadOnly,ReadOnly,ReadOnly,ReadOnly,ReadOnly,ReadOnly,ReadOnly,ReadOnly,ReadOnly,ReadOnly,ReadOnly,ReadOnly,ReadOnly,ReadOnly,ReadOnly,ReadOnly,ReadOnly,ReadOnly,ReadOnly,ReadOnly,ReadOnly
PO_Number,PO_Number,PO Number,Text,False,-,False,-,-,-,-,-,-,-,Purchase Orders,ReadOnly,ReadOnly,ReadOnly,ReadOnly,ReadOnly,ReadOnly,ReadOnly,ReadOnly,ReadOnly,ReadOnly,ReadOnly,ReadOnly,ReadOnly,ReadOnly,ReadOnly,ReadOnly,ReadOnly,ReadOnly,ReadOnly,ReadOnly,ReadOnly,ReadOnly,ReadOnly,ReadOnly,ReadOnly,ReadOnly,ReadOnly,ReadOnly,ReadOnly,ReadOnly,ReadOnly,ReadOnly,ReadOnly
SAP_PO,SAP_PO,SAP PO,Text,False,-,False,-,-,-,-,-,-,-,Purchase Orders,ReadOnly,ReadOnly,ReadOnly,ReadOnly,ReadOnly,ReadOnly,ReadOnly,ReadOnly,ReadOnly,ReadOnly,ReadOnly,ReadOnly,ReadOnly,ReadOnly,ReadOnly,ReadOnly,ReadOnly,ReadOnly,ReadOnly,ReadOnly,ReadOnly,ReadOnly,ReadOnly,ReadOnly,ReadOnly,ReadOnly,ReadOnly,ReadOnly,ReadOnly,ReadOnly,ReadOnly,ReadOnly,ReadOnly
Kissflow_PO,Kissflow_PO,Kissflow PO,Text,False,-,False,-,-,-,-,-,-,-,Purchase Orders,ReadOnly,ReadOnly,ReadOnly,ReadOnly,ReadOnly,ReadOnly,ReadOnly,ReadOnly,ReadOnly,ReadOnly,ReadOnly,ReadOnly,ReadOnly,ReadOnly,ReadOnly,ReadOnly,ReadOnly,ReadOnly,ReadOnly,ReadOnly,ReadOnly,ReadOnly,ReadOnly,ReadOnly,ReadOnly,ReadOnly,ReadOnly,ReadOnly,ReadOnly,ReadOnly,ReadOnly,ReadOnly,ReadOnly
PO_Header,PO_Header,PO Header,Textarea,False,-,False,-,-,-,-,-,-,-,Purchase Orders,ReadOnly,ReadOnly,ReadOnly,ReadOnly,ReadOnly,ReadOnly,ReadOnly,ReadOnly,ReadOnly,ReadOnly,ReadOnly,ReadOnly,ReadOnly,ReadOnly,ReadOnly,ReadOnly,ReadOnly,ReadOnly,ReadOnly,ReadOnly,ReadOnly,ReadOnly,ReadOnly,ReadOnly,ReadOnly,ReadOnly,ReadOnly,ReadOnly,ReadOnly,ReadOnly,ReadOnly,ReadOnly,ReadOnly
Payment_Terms_Description,Payment_Terms_Description,Payment Terms Description,Textarea,False,-,False,-,-,-,-,-,-,-,Purchase Orders,ReadOnly,ReadOnly,ReadOnly,ReadOnly,ReadOnly,ReadOnly,ReadOnly,ReadOnly,ReadOnly,ReadOnly,ReadOnly,ReadOnly,ReadOnly,ReadOnly,ReadOnly,ReadOnly,ReadOnly,ReadOnly,ReadOnly,ReadOnly,ReadOnly,ReadOnly,ReadOnly,ReadOnly,ReadOnly,ReadOnly,ReadOnly,ReadOnly,ReadOnly,ReadOnly,ReadOnly,ReadOnly,ReadOnly
Department_1,Department_1,Department,Text,False,-,False,-,-,-,-,-,-,-,Purchase Orders,ReadOnly,ReadOnly,ReadOnly,ReadOnly,ReadOnly,ReadOnly,ReadOnly,ReadOnly,ReadOnly,ReadOnly,ReadOnly,ReadOnly,ReadOnly,ReadOnly,ReadOnly,ReadOnly,ReadOnly,ReadOnly,ReadOnly,ReadOnly,ReadOnly,ReadOnly,ReadOnly,ReadOnly,ReadOnly,ReadOnly,ReadOnly,ReadOnly,ReadOnly,ReadOnly,ReadOnly,ReadOnly,ReadOnly
Vendor_1,Vendor_1,Vendor,Text,False,-,False,-,-,-,-,-,-,-,Purchase Orders,ReadOnly,ReadOnly,ReadOnly,ReadOnly,ReadOnly,ReadOnly,ReadOnly,ReadOnly,ReadOnly,ReadOnly,ReadOnly,ReadOnly,ReadOnly,ReadOnly,ReadOnly,ReadOnly,ReadOnly,ReadOnly,ReadOnly,ReadOnly,ReadOnly,ReadOnly,ReadOnly,ReadOnly,ReadOnly,ReadOnly,ReadOnly,ReadOnly,ReadOnly,ReadOnly,ReadOnly,ReadOnly,ReadOnly
Statu,Statu,Status,Text,False,-,True,-,-,-,-,-,-,-,Purchase Orders,ReadOnly,ReadOnly,ReadOnly,ReadOnly,ReadOnly,ReadOnly,ReadOnly,ReadOnly,ReadOnly,ReadOnly,ReadOnly,ReadOnly,ReadOnly,ReadOnly,ReadOnly,ReadOnly,ReadOnly,ReadOnly,ReadOnly,ReadOnly,ReadOnly,ReadOnly,ReadOnly,ReadOnly,ReadOnly,ReadOnly,ReadOnly,ReadOnly,ReadOnly,ReadOnly,ReadOnly,ReadOnly,ReadOnly
Base_Value,Base_Value,Base Value,Number,False,-,False,-,-,-,-,-,-,-,Purchase Orders,ReadOnly,ReadOnly,ReadOnly,ReadOnly,ReadOnly,ReadOnly,ReadOnly,ReadOnly,ReadOnly,ReadOnly,ReadOnly,ReadOnly,ReadOnly,ReadOnly,ReadOnly,ReadOnly,ReadOnly,ReadOnly,ReadOnly,ReadOnly,ReadOnly,ReadOnly,ReadOnly,ReadOnly,ReadOnly,ReadOnly,ReadOnly,ReadOnly,ReadOnly,ReadOnly,ReadOnly,ReadOnly,ReadOnly
Gross_Value,Gross_Value,Gross Value,Number,False,-,False,-,-,-,-,-,-,-,Purchase Orders,ReadOnly,ReadOnly,ReadOnly,ReadOnly,ReadOnly,ReadOnly,ReadOnly,ReadOnly,ReadOnly,ReadOnly,ReadOnly,ReadOnly,ReadOnly,ReadOnly,ReadOnly,ReadOnly,ReadOnly,ReadOnly,ReadOnly,ReadOnly,ReadOnly,ReadOnly,ReadOnly,ReadOnly,ReadOnly,ReadOnly,ReadOnly,ReadOnly,ReadOnly,ReadOnly,ReadOnly,ReadOnly,ReadOnly
Commercial_Tax_1,Commercial_Tax_1,Commercial Tax,Number,False,-,False,-,-,-,-,-,-,-,Purchase Orders,ReadOnly,ReadOnly,ReadOnly,ReadOnly,ReadOnly,ReadOnly,ReadOnly,ReadOnly,ReadOnly,ReadOnly,ReadOnly,ReadOnly,ReadOnly,ReadOnly,ReadOnly,ReadOnly,ReadOnly,ReadOnly,ReadOnly,ReadOnly,ReadOnly,ReadOnly,ReadOnly,ReadOnly,ReadOnly,ReadOnly,ReadOnly,ReadOnly,ReadOnly,ReadOnly,ReadOnly,ReadOnly,ReadOnly
Commercial_Tax_Amount_1,Commercial_Tax_Amount_1,Commercial Tax Amount,Number,False,-,False,-,-,-,-,-,-,-,Purchase Orders,ReadOnly,ReadOnly,ReadOnly,ReadOnly,ReadOnly,ReadOnly,ReadOnly,ReadOnly,ReadOnly,ReadOnly,ReadOnly,ReadOnly,ReadOnly,ReadOnly,ReadOnly,ReadOnly,ReadOnly,ReadOnly,ReadOnly,ReadOnly,ReadOnly,ReadOnly,ReadOnly,ReadOnly,ReadOnly,ReadOnly,ReadOnly,ReadOnly,ReadOnly,ReadOnly,ReadOnly,ReadOnly,ReadOnly
Withholding_Tax_1,Withholding_Tax_1,Withholding Tax,Number,False,-,False,-,-,-,-,-,-,-,Purchase Orders,ReadOnly,ReadOnly,ReadOnly,ReadOnly,ReadOnly,ReadOnly,ReadOnly,ReadOnly,ReadOnly,ReadOnly,ReadOnly,ReadOnly,ReadOnly,ReadOnly,ReadOnly,ReadOnly,ReadOnly,ReadOnly,ReadOnly,ReadOnly,ReadOnly,ReadOnly,ReadOnly,ReadOnly,ReadOnly,ReadOnly,ReadOnly,ReadOnly,ReadOnly,ReadOnly,ReadOnly,ReadOnly,ReadOnly
Withholding_Tax_Amount_1,Withholding_Tax_Amount_1,Withholding Tax Amount,Number,False,-,False,-,-,-,-,-,-,-,Purchase Orders,ReadOnly,ReadOnly,ReadOnly,ReadOnly,ReadOnly,ReadOnly,ReadOnly,ReadOnly,ReadOnly,ReadOnly,ReadOnly,ReadOnly,ReadOnly,ReadOnly,ReadOnly,ReadOnly,ReadOnly,ReadOnly,ReadOnly,ReadOnly,ReadOnly,ReadOnly,ReadOnly,ReadOnly,ReadOnly,ReadOnly,ReadOnly,ReadOnly,ReadOnly,ReadOnly,ReadOnly,ReadOnly,ReadOnly
Term_From,Term_From,Term (From),Date,False,-,False,-,-,-,-,-,-,-,Purchase Orders,ReadOnly,ReadOnly,ReadOnly,ReadOnly,ReadOnly,ReadOnly,ReadOnly,ReadOnly,ReadOnly,ReadOnly,ReadOnly,ReadOnly,ReadOnly,ReadOnly,ReadOnly,ReadOnly,ReadOnly,ReadOnly,ReadOnly,ReadOnly,ReadOnly,ReadOnly,ReadOnly,ReadOnly,ReadOnly,ReadOnly,ReadOnly,ReadOnly,ReadOnly,ReadOnly,ReadOnly,ReadOnly,ReadOnly
Term_To,Term_To,Term (To),Date,False,-,False,-,-,-,-,-,-,-,Purchase Orders,ReadOnly,ReadOnly,ReadOnly,ReadOnly,ReadOnly,ReadOnly,ReadOnly,ReadOnly,ReadOnly,ReadOnly,ReadOnly,ReadOnly,ReadOnly,ReadOnly,ReadOnly,ReadOnly,ReadOnly,ReadOnly,ReadOnly,ReadOnly,ReadOnly,ReadOnly,ReadOnly,ReadOnly,ReadOnly,ReadOnly,ReadOnly,ReadOnly,ReadOnly,ReadOnly,ReadOnly,ReadOnly,ReadOnly
row_id,row_id,row_id,Text,False,_id,True,-,-,-,-,-,-,-,Purchase Orders,ReadOnly,ReadOnly,ReadOnly,ReadOnly,ReadOnly,ReadOnly,ReadOnly,ReadOnly,ReadOnly,ReadOnly,ReadOnly,ReadOnly,ReadOnly,ReadOnly,ReadOnly,ReadOnly,ReadOnly,ReadOnly,ReadOnly,ReadOnly,ReadOnly,ReadOnly,ReadOnly,ReadOnly,ReadOnly,ReadOnly,ReadOnly,ReadOnly,ReadOnly,ReadOnly,ReadOnly,ReadOnly,ReadOnly
Image_1,Image_1,Image,Attachment,False,-,True,-,-,-,-,-,-,-,Purchase Orders,ReadOnly,ReadOnly,ReadOnly,ReadOnly,ReadOnly,ReadOnly,ReadOnly,ReadOnly,ReadOnly,ReadOnly,ReadOnly,ReadOnly,ReadOnly,ReadOnly,ReadOnly,ReadOnly,ReadOnly,ReadOnly,ReadOnly,ReadOnly,ReadOnly,ReadOnly,ReadOnly,ReadOnly,ReadOnly,ReadOnly,ReadOnly,ReadOnly,ReadOnly,ReadOnly,ReadOnly,ReadOnly,ReadOnly
Modified_By,Modified_By,Modified By,Text,False,-,False,-,-,-,-,-,-,-,Note History,ReadOnly,ReadOnly,ReadOnly,ReadOnly,ReadOnly,ReadOnly,ReadOnly,ReadOnly,ReadOnly,ReadOnly,ReadOnly,ReadOnly,ReadOnly,ReadOnly,ReadOnly,ReadOnly,ReadOnly,ReadOnly,ReadOnly,ReadOnly,ReadOnly,ReadOnly,ReadOnly,ReadOnly,ReadOnly,ReadOnly,ReadOnly,ReadOnly,ReadOnly,ReadOnly,ReadOnly,ReadOnly,ReadOnly
Modified_At,Modified_At,Modified At,Text,False,"date(_modified_at.year(),_modified_at.month(),_modified_at.day()).toText()",False,-,-,-,-,-,-,-,Note History,ReadOnly,ReadOnly,ReadOnly,ReadOnly,ReadOnly,ReadOnly,ReadOnly,ReadOnly,ReadOnly,ReadOnly,ReadOnly,ReadOnly,ReadOnly,ReadOnly,ReadOnly,ReadOnly,ReadOnly,ReadOnly,ReadOnly,ReadOnly,ReadOnly,ReadOnly,ReadOnly,ReadOnly,ReadOnly,ReadOnly,ReadOnly,ReadOnly,ReadOnly,ReadOnly,ReadOnly,ReadOnly,ReadOnly
Not,Not,Note,Textarea,False,-,False,-,-,-,-,-,-,-,Note History,ReadOnly,ReadOnly,ReadOnly,ReadOnly,ReadOnly,ReadOnly,ReadOnly,ReadOnly,ReadOnly,ReadOnly,ReadOnly,ReadOnly,ReadOnly,ReadOnly,ReadOnly,ReadOnly,ReadOnly,ReadOnly,ReadOnly,ReadOnly,ReadOnly,ReadOnly,ReadOnly,ReadOnly,ReadOnly,ReadOnly,ReadOnly,ReadOnly,ReadOnly,ReadOnly,ReadOnly,ReadOnly,ReadOnly
Note_Row_ID,Note_Row_ID,Note Row ID,Text,False,_id,True,-,-,-,-,-,-,-,Note History,ReadOnly,ReadOnly,ReadOnly,ReadOnly,ReadOnly,ReadOnly,ReadOnly,ReadOnly,ReadOnly,ReadOnly,ReadOnly,ReadOnly,ReadOnly,ReadOnly,ReadOnly,ReadOnly,ReadOnly,ReadOnly,ReadOnly,ReadOnly,ReadOnly,ReadOnly,ReadOnly,ReadOnly,ReadOnly,ReadOnly,ReadOnly,ReadOnly,ReadOnly,ReadOnly,ReadOnly,ReadOnly,ReadOnly
Current_Step_1,Current_Step_1,Current Step,Text,False,-,True,-,-,-,-,-,-,-,Note History,ReadOnly,ReadOnly,ReadOnly,ReadOnly,ReadOnly,ReadOnly,ReadOnly,ReadOnly,ReadOnly,ReadOnly,ReadOnly,ReadOnly,ReadOnly,ReadOnly,ReadOnly,ReadOnly,ReadOnly,ReadOnly,ReadOnly,ReadOnly,ReadOnly,ReadOnly,ReadOnly,ReadOnly,ReadOnly,ReadOnly,ReadOnly,ReadOnly,ReadOnly,ReadOnly,ReadOnly,ReadOnly,ReadOnly
WN_Singing_Date,WN_Singing_Date,Singing Date,Date,False,-,False,-,-,-,-,-,-,-,Note History,ReadOnly,ReadOnly,ReadOnly,ReadOnly,ReadOnly,ReadOnly,ReadOnly,ReadOnly,ReadOnly,ReadOnly,ReadOnly,ReadOnly,ReadOnly,ReadOnly,ReadOnly,ReadOnly,ReadOnly,ReadOnly,ReadOnly,ReadOnly,ReadOnly,ReadOnly,ReadOnly,ReadOnly,ReadOnly,ReadOnly,ReadOnly,ReadOnly,ReadOnly,ReadOnly,ReadOnly,ReadOnly,ReadOnly
WN_Ends_Expiration_Date,WN_Ends_Expiration_Date,Ends (Expiration Date),Date,False,-,False,-,-,-,-,-,-,-,Note History,ReadOnly,ReadOnly,ReadOnly,ReadOnly,ReadOnly,ReadOnly,ReadOnly,ReadOnly,ReadOnly,ReadOnly,ReadOnly,ReadOnly,ReadOnly,ReadOnly,ReadOnly,ReadOnly,ReadOnly,ReadOnly,ReadOnly,ReadOnly,ReadOnly,ReadOnly,ReadOnly,ReadOnly,ReadOnly,ReadOnly,ReadOnly,ReadOnly,ReadOnly,ReadOnly,ReadOnly,ReadOnly,ReadOnly
WN_Renewal_Extension_date,WN_Renewal_Extension_date,Renewal/Extension date,Date,False,-,False,-,-,-,-,-,-,-,Note History,ReadOnly,ReadOnly,ReadOnly,ReadOnly,ReadOnly,ReadOnly,ReadOnly,ReadOnly,ReadOnly,ReadOnly,ReadOnly,ReadOnly,ReadOnly,ReadOnly,ReadOnly,ReadOnly,ReadOnly,ReadOnly,ReadOnly,ReadOnly,ReadOnly,ReadOnly,ReadOnly,ReadOnly,ReadOnly,ReadOnly,ReadOnly,ReadOnly,ReadOnly,ReadOnly,ReadOnly,ReadOnly,ReadOnly
WN_Renewal_Extension_end_date,WN_Renewal_Extension_end_date,Renewal_Extension end date,Date,False,-,False,-,-,-,-,-,-,-,Note History,ReadOnly,ReadOnly,ReadOnly,ReadOnly,ReadOnly,ReadOnly,ReadOnly,ReadOnly,ReadOnly,ReadOnly,ReadOnly,ReadOnly,ReadOnly,ReadOnly,ReadOnly,ReadOnly,ReadOnly,ReadOnly,ReadOnly,ReadOnly,ReadOnly,ReadOnly,ReadOnly,ReadOnly,ReadOnly,ReadOnly,ReadOnly,ReadOnly,ReadOnly,ReadOnly,ReadOnly,ReadOnly,ReadOnly
WN_State,WN_State,State,Text,False,-,False,-,-,-,-,-,-,-,Note History,ReadOnly,ReadOnly,ReadOnly,ReadOnly,ReadOnly,ReadOnly,ReadOnly,ReadOnly,ReadOnly,ReadOnly,ReadOnly,ReadOnly,ReadOnly,ReadOnly,ReadOnly,ReadOnly,ReadOnly,ReadOnly,ReadOnly,ReadOnly,ReadOnly,ReadOnly,ReadOnly,ReadOnly,ReadOnly,ReadOnly,ReadOnly,ReadOnly,ReadOnly,ReadOnly,ReadOnly,ReadOnly,ReadOnly
WN_Substate,WN_Substate,Substate,Text,False,-,False,-,-,-,-,-,-,-,Note History,ReadOnly,ReadOnly,ReadOnly,ReadOnly,ReadOnly,ReadOnly,ReadOnly,ReadOnly,ReadOnly,ReadOnly,ReadOnly,ReadOnly,ReadOnly,ReadOnly,ReadOnly,ReadOnly,ReadOnly,ReadOnly,ReadOnly,ReadOnly,ReadOnly,ReadOnly,ReadOnly,ReadOnly,ReadOnly,ReadOnly,ReadOnly,ReadOnly,ReadOnly,ReadOnly,ReadOnly,ReadOnly,ReadOnly
WN_Starts_Effective_Date,WN_Starts_Effective_Date,Starts (Effective Date),Date,False,-,False,-,-,-,-,-,-,-,Note History,ReadOnly,ReadOnly,ReadOnly,ReadOnly,ReadOnly,ReadOnly,ReadOnly,ReadOnly,ReadOnly,ReadOnly,ReadOnly,ReadOnly,ReadOnly,ReadOnly,ReadOnly,ReadOnly,ReadOnly,ReadOnly,ReadOnly,ReadOnly,ReadOnly,ReadOnly,ReadOnly,ReadOnly,ReadOnly,ReadOnly,ReadOnly,ReadOnly,ReadOnly,ReadOnly,ReadOnly,ReadOnly,ReadOnly
con_cat_data,con_cat_data,con cat data,Text,False,"concatenate(WN_State,""-"",WN_Substate)",True,-,-,-,-,-,-,-,Note History,ReadOnly,ReadOnly,ReadOnly,ReadOnly,ReadOnly,ReadOnly,ReadOnly,ReadOnly,ReadOnly,ReadOnly,ReadOnly,ReadOnly,ReadOnly,ReadOnly,ReadOnly,ReadOnly,ReadOnly,ReadOnly,ReadOnly,ReadOnly,ReadOnly,ReadOnly,ReadOnly,ReadOnly,ReadOnly,ReadOnly,ReadOnly,ReadOnly,ReadOnly,ReadOnly,ReadOnly,ReadOnly,ReadOnly
